2026-07-16T14:23:13,OK,alerts=27;jams=24
2026-07-16T14:25:13,OK,alerts=27;jams=24
2026-07-16T14:30:13,OK,alerts=28;jams=26
2026-07-16T14:35:15,OK,alerts=29;jams=25
2026-07-16T14:40:11,OK,alerts=33;jams=23
2026-07-16T14:45:11,OK,alerts=34;jams=22
2026-07-16T14:50:26,OK,alerts=34;jams=21
2026-07-16T14:55:12,OK,alerts=34;jams=23
2026-07-16T15:00:12,OK,alerts=34;jams=22
2026-07-16T15:05:14,OK,alerts=33;jams=23
2026-07-16T15:10:10,OK,alerts=34;jams=23
2026-07-16T15:15:11,OK,alerts=33;jams=23
2026-07-16T15:20:11,OK,alerts=32;jams=23
2026-07-16T15:25:12,OK,alerts=32;jams=25
2026-07-16T15:30:11,OK,alerts=32;jams=24
2026-07-16T15:35:12,OK,alerts=32;jams=23
2026-07-16T15:40:10,OK,alerts=32;jams=22
2026-07-16T15:45:12,OK,alerts=30;jams=24
2026-07-16T18:50:09,OK,alerts=30;jams=21
2026-07-16T18:55:12,OK,alerts=29;jams=22
2026-07-16T19:00:16,OK,alerts=29;jams=22
2026-07-16T19:05:11,OK,alerts=29;jams=23
2026-07-16T19:10:12,OK,alerts=29;jams=24
2026-07-16T19:15:11,OK,alerts=29;jams=22
2026-07-16T19:20:11,OK,alerts=30;jams=23
2026-07-16T19:25:11,OK,alerts=30;jams=22
2026-07-16T19:30:11,OK,alerts=31;jams=24
2026-07-16T19:35:12,OK,alerts=30;jams=22
2026-07-16T19:40:11,OK,alerts=30;jams=22
2026-07-16T19:45:11,OK,alerts=30;jams=24
2026-07-16T19:50:11,OK,alerts=30;jams=24
2026-07-16T19:55:12,OK,alerts=29;jams=25
2026-07-16T20:00:11,OK,alerts=28;jams=22
2026-07-16T20:05:13,OK,alerts=28;jams=22
2026-07-16T21:14:24,OK,alerts=27;jams=24
2026-07-16T22:14:44,OK,alerts=25;jams=22
2026-07-16T23:10:43,OK,alerts=26;jams=25
2026-07-17T00:10:14,OK,alerts=26;jams=22
2026-07-17T03:33:01,OK,alerts=26;jams=21
2026-07-17T06:00:51,OK,alerts=27;jams=20
2026-07-17T08:12:51,OK,alerts=26;jams=20
2026-07-17T10:10:46,OK,alerts=26;jams=20
2026-07-17T11:38:28,OK,alerts=27;jams=21
2026-07-17T12:45:44,OK,alerts=31;jams=21
2026-07-17T14:16:50,OK,alerts=29;jams=23
2026-07-17T15:42:20,OK,alerts=34;jams=27
2026-07-17T16:45:03,OK,alerts=35;jams=26
2026-07-17T17:45:51,OK,alerts=36;jams=26
2026-07-17T18:41:11,OK,alerts=34;jams=26
2026-07-17T19:44:14,OK,alerts=31;jams=29
2026-07-17T21:23:09,OK,alerts=33;jams=27
2026-07-17T22:09:55,OK,alerts=29;jams=27
2026-07-17T23:04:25,OK,alerts=30;jams=28
2026-07-17T23:59:39,OK,alerts=29;jams=26
2026-07-18T02:23:28,OK,alerts=29;jams=25
2026-07-18T05:06:45,OK,alerts=28;jams=24
2026-07-18T07:04:55,OK,alerts=27;jams=24
2026-07-18T08:55:02,OK,alerts=39;jams=37
2026-07-18T10:05:30,OK,alerts=26;jams=24
2026-07-18T11:13:44,OK,alerts=27;jams=25
2026-07-18T12:03:36,OK,alerts=27;jams=25
2026-07-18T13:40:14,OK,alerts=30;jams=28
2026-07-18T14:37:47,OK,alerts=35;jams=26
2026-07-18T15:32:53,OK,alerts=29;jams=29
2026-07-18T16:29:25,OK,alerts=29;jams=26
2026-07-18T17:29:24,OK,alerts=28;jams=26
2026-07-18T18:26:30,OK,alerts=28;jams=26
2026-07-18T19:39:00,OK,alerts=27;jams=26
2026-07-18T20:24:37,OK,alerts=28;jams=28
2026-07-18T21:09:39,OK,alerts=28;jams=24
2026-07-18T22:03:16,OK,alerts=28;jams=26
2026-07-18T22:57:43,OK,alerts=27;jams=25
2026-07-18T23:46:38,OK,alerts=26;jams=25
2026-07-19T01:11:01,OK,alerts=26;jams=24
2026-07-19T04:32:13,OK,alerts=26;jams=24
2026-07-19T07:06:42,OK,alerts=26;jams=24
2026-07-19T09:11:50,OK,alerts=26;jams=26
2026-07-19T10:42:22,OK,alerts=42;jams=41
2026-07-19T11:41:38,OK,alerts=41;jams=43
2026-07-19T12:34:08,OK,alerts=25;jams=26
2026-07-19T14:05:53,OK,alerts=25;jams=25
2026-07-19T15:06:57,OK,alerts=26;jams=25
2026-07-19T16:05:10,OK,alerts=27;jams=24
2026-07-19T17:09:57,OK,alerts=27;jams=25
2026-07-19T18:05:25,OK,alerts=27;jams=26
2026-07-19T19:19:37,OK,alerts=30;jams=24
2026-07-19T20:12:24,OK,alerts=28;jams=23
2026-07-19T21:05:43,OK,alerts=29;jams=23
2026-07-19T22:02:11,OK,alerts=28;jams=22
2026-07-19T22:57:43,OK,alerts=27;jams=23
2026-07-19T23:51:43,OK,alerts=27;jams=25
2026-07-20T01:16:04,OK,alerts=27;jams=22
2026-07-20T04:53:14,OK,alerts=25;jams=21
2026-07-20T07:48:18,OK,alerts=26;jams=20
2026-07-20T10:32:13,OK,alerts=25;jams=21
2026-07-20T12:33:30,OK,alerts=27;jams=23
2026-07-20T14:41:31,OK,alerts=28;jams=24
2026-07-20T16:12:55,OK,alerts=25;jams=19
2026-07-20T18:18:05,OK,alerts=27;jams=21
2026-07-20T19:58:45,OK,alerts=24;jams=22
2026-07-20T21:08:34,OK,alerts=25;jams=19
2026-07-20T22:10:02,OK,alerts=23;jams=23
2026-07-20T23:12:16,OK,alerts=22;jams=18
2026-07-21T00:07:38,OK,alerts=22;jams=19
2026-07-21T03:37:24,OK,alerts=23;jams=19
2026-07-21T06:14:18,OK,alerts=24;jams=19
2026-07-21T08:44:18,OK,alerts=34;jams=31
2026-07-21T10:49:08,OK,alerts=23;jams=21
2026-07-21T12:12:37,OK,alerts=24;jams=24
2026-07-21T14:20:01,OK,alerts=28;jams=23
2026-07-21T15:55:46,OK,alerts=26;jams=21
2026-07-21T17:04:51,OK,alerts=23;jams=23
2026-07-21T18:21:34,OK,alerts=26;jams=23
2026-07-21T19:55:52,OK,alerts=26;jams=21
2026-07-21T20:56:41,OK,alerts=24;jams=23
2026-07-21T21:55:43,OK,alerts=21;jams=24
2026-07-21T22:42:58,OK,alerts=23;jams=20
2026-07-21T23:40:02,OK,alerts=26;jams=19
2026-07-22T01:03:45,OK,alerts=21;jams=18
2026-07-22T04:23:55,OK,alerts=21;jams=18
2026-07-22T06:46:12,OK,alerts=21;jams=19
2026-07-22T09:15:58,OK,alerts=21;jams=19
2026-07-22T11:20:24,OK,alerts=25;jams=20
2026-07-22T12:49:03,OK,alerts=29;jams=23
2026-07-22T14:48:13,OK,alerts=28;jams=21
2026-07-22T16:08:54,OK,alerts=25;jams=19
2026-07-22T17:38:14,ERROR_TRAFFICVIEW,Response status code does not indicate success: 500 (Internal Server Error).
2026-07-22T17:38:14,OK,alerts=26;jams=21
2026-07-22T18:45:01,ERROR_TRAFFICVIEW,Response status code does not indicate success: 500 (Internal Server Error).
2026-07-22T18:45:01,OK,alerts=28;jams=23
2026-07-22T19:58:12,OK,alerts=26;jams=25
2026-07-22T21:05:08,OK,alerts=32;jams=24
2026-07-22T22:03:31,OK,alerts=25;jams=27
2026-07-22T23:11:11,OK,alerts=26;jams=19
2026-07-23T00:11:51,OK,alerts=26;jams=20
2026-07-23T03:40:59,OK,alerts=26;jams=19
2026-07-23T06:17:34,OK,alerts=26;jams=18
2026-07-23T08:46:01,OK,alerts=41;jams=35
2026-07-23T10:52:24,OK,alerts=26;jams=19
2026-07-23T12:15:28,OK,alerts=29;jams=21
2026-07-23T14:32:28,OK,alerts=26;jams=24
2026-07-23T16:09:20,OK,alerts=26;jams=20
2026-07-23T17:42:56,OK,alerts=26;jams=21
2026-07-23T18:48:47,OK,alerts=28;jams=23
2026-07-23T20:01:54,OK,alerts=27;jams=21
2026-07-23T21:09:34,OK,alerts=24;jams=29
2026-07-23T22:12:01,OK,alerts=27;jams=26
2026-07-23T23:09:45,OK,alerts=25;jams=25
2026-07-24T00:08:05,OK,alerts=25;jams=20
2026-07-24T03:37:16,OK,alerts=25;jams=21
2026-07-24T06:11:34,OK,alerts=25;jams=18
2026-07-24T08:39:47,OK,alerts=24;jams=20
2026-07-24T10:36:37,OK,alerts=23;jams=18
2026-07-24T12:04:56,OK,alerts=26;jams=21
2026-07-24T14:04:32,OK,alerts=27;jams=20
2026-07-24T15:36:43,OK,alerts=27;jams=19
2026-07-24T17:09:25,OK,alerts=27;jams=20
2026-07-24T18:42:30,OK,alerts=26;jams=22
2026-07-24T20:01:04,OK,alerts=26;jams=25
2026-07-24T21:06:30,OK,alerts=26;jams=25
2026-07-24T22:14:45,OK,alerts=28;jams=25
2026-07-24T23:16:18,OK,alerts=25;jams=22
2026-07-25T00:15:18,OK,alerts=25;jams=22
2026-07-25T03:37:15,OK,alerts=25;jams=18
2026-07-25T06:02:51,OK,alerts=25;jams=19
2026-07-25T08:18:24,OK,alerts=37;jams=30
2026-07-25T10:01:31,OK,alerts=24;jams=18
2026-07-25T11:14:08,OK,alerts=24;jams=21
2026-07-25T12:09:19,OK,alerts=24;jams=24
2026-07-25T13:58:16,OK,alerts=23;jams=21
2026-07-25T14:58:32,OK,alerts=24;jams=23
2026-07-25T16:00:35,OK,alerts=24;jams=23
2026-07-25T16:59:13,OK,alerts=25;jams=21
2026-07-25T17:56:48,OK,alerts=26;jams=21
2026-07-25T18:53:46,OK,alerts=24;jams=24
2026-07-25T20:01:46,OK,alerts=27;jams=22
2026-07-25T20:57:32,OK,alerts=26;jams=21
2026-07-25T21:46:36,OK,alerts=26;jams=24
2026-07-25T22:38:45,OK,alerts=27;jams=22
2026-07-25T23:38:05,OK,alerts=24;jams=23
2026-07-26T01:11:09,OK,alerts=24;jams=22
2026-07-26T04:37:31,OK,alerts=24;jams=20
2026-07-26T07:14:55,OK,alerts=24;jams=21
2026-07-26T09:23:45,OK,alerts=26;jams=20
2026-07-26T10:56:13,ERROR_TRAFFICVIEW,Response status code does not indicate success: 500 (Internal Server Error).
2026-07-26T10:56:13,OK,alerts=69;jams=66
2026-07-26T11:53:53,OK,alerts=68;jams=67
2026-07-26T12:47:23,OK,alerts=23;jams=24
2026-07-26T14:17:28,OK,alerts=24;jams=23
2026-07-26T15:31:06,OK,alerts=24;jams=22
2026-07-26T16:30:17,OK,alerts=25;jams=23
2026-07-26T17:32:25,OK,alerts=24;jams=20
2026-07-26T18:33:56,OK,alerts=24;jams=23
2026-07-26T19:45:42,OK,alerts=25;jams=23
2026-07-26T20:37:17,OK,alerts=25;jams=23
2026-07-26T21:32:10,OK,alerts=26;jams=22
2026-07-26T22:31:30,OK,alerts=25;jams=27
2026-07-26T23:29:51,OK,alerts=25;jams=23
2026-07-27T01:08:19,OK,alerts=25;jams=22
2026-07-27T04:48:41,OK,alerts=23;jams=18
2026-07-27T08:16:20,OK,alerts=23;jams=20
2026-07-27T11:40:47,OK,alerts=25;jams=21
2026-07-27T13:56:39,OK,alerts=25;jams=21
2026-07-27T16:07:59,OK,alerts=23;jams=18
2026-07-27T17:51:46,OK,alerts=22;jams=20
2026-07-27T19:03:30,OK,alerts=25;jams=27
2026-07-27T20:37:36,OK,alerts=22;jams=20
2026-07-27T21:43:53,OK,alerts=23;jams=28
2026-07-27T23:42:27,OK,alerts=23;jams=18
2026-07-28T01:02:01,OK,alerts=25;jams=19
2026-07-28T04:14:00,OK,alerts=22;jams=19
2026-07-28T06:39:49,OK,alerts=22;jams=18
2026-07-28T09:21:04,OK,alerts=34;jams=30
2026-07-28T11:30:43,OK,alerts=31;jams=22
2026-07-28T13:09:56,OK,alerts=26;jams=25
2026-07-28T15:30:33,OK,alerts=26;jams=19
2026-07-28T16:58:21,OK,alerts=27;jams=27
2026-07-28T18:10:01,OK,alerts=27;jams=24
2026-07-28T19:49:03,OK,alerts=26;jams=21
2026-07-28T20:50:02,OK,alerts=28;jams=24
2026-07-28T21:49:23,OK,alerts=27;jams=21
2026-07-28T22:44:02,OK,alerts=27;jams=21
2026-07-28T23:40:21,OK,alerts=25;jams=18
2026-07-29T01:05:24,OK,alerts=26;jams=19
2026-07-29T04:21:03,OK,alerts=26;jams=18
2026-07-29T07:07:48,OK,alerts=25;jams=18
2026-07-29T09:46:17,OK,alerts=24;jams=19
2026-07-29T11:49:12,OK,alerts=23;jams=21
2026-07-29T13:26:02,OK,alerts=24;jams=21
2026-07-29T15:24:49,OK,alerts=23;jams=19
2026-07-29T16:43:24,OK,alerts=24;jams=21
2026-07-29T17:54:07,OK,alerts=23;jams=20
2026-07-29T18:44:55,OK,alerts=23;jams=27
2026-07-29T20:01:06,OK,alerts=24;jams=21
2026-07-29T20:58:52,OK,alerts=23;jams=20
2026-07-29T21:57:11,OK,alerts=24;jams=23
2026-07-29T22:53:40,OK,alerts=24;jams=22
2026-07-29T23:47:29,OK,alerts=23;jams=19
2026-07-30T01:03:19,OK,alerts=23;jams=18
2026-07-30T04:12:11,OK,alerts=23;jams=18
2026-07-30T06:39:18,OK,alerts=23;jams=18
2026-07-30T09:16:49,OK,alerts=37;jams=33
2026-07-30T11:21:33,OK,alerts=24;jams=20
2026-07-30T12:56:31,OK,alerts=26;jams=19
2026-07-30T15:01:55,OK,alerts=25;jams=18
2026-07-30T16:39:05,OK,alerts=25;jams=19
2026-07-30T18:00:51,OK,alerts=28;jams=21
2026-07-30T19:27:57,OK,alerts=29;jams=20
2026-07-30T20:40:49,OK,alerts=26;jams=19
2026-07-30T21:47:19,OK,alerts=24;jams=23
2026-07-30T22:47:19,OK,alerts=25;jams=18
2026-07-30T23:43:37,OK,alerts=23;jams=18
2026-07-31T01:13:01,OK,alerts=23;jams=17
2026-07-31T04:37:40,OK,alerts=22;jams=17
2026-07-31T07:28:05,OK,alerts=22;jams=17
2026-07-31T10:03:54,OK,alerts=24;jams=17
2026-07-31T12:07:10,OK,alerts=24;jams=25
2026-07-31T14:29:22,OK,alerts=22;jams=20
2026-07-31T16:15:47,OK,alerts=24;jams=22
2026-07-31T17:52:42,OK,alerts=28;jams=24
2026-07-31T18:59:42,OK,alerts=24;jams=27
2026-07-31T20:19:11,OK,alerts=24;jams=26
2026-07-31T21:32:06,OK,alerts=28;jams=25
2026-07-31T22:33:11,OK,alerts=26;jams=22
2026-07-31T23:33:11,OK,alerts=28;jams=23
2026-08-01T01:06:26,OK,alerts=26;jams=21
2026-08-01T04:28:34,OK,alerts=25;jams=21
2026-08-01T07:01:12,OK,alerts=25;jams=19
2026-08-01T09:07:38,OK,alerts=37;jams=35
2026-08-01T10:45:53,OK,alerts=23;jams=18
2026-08-01T11:47:20,OK,alerts=23;jams=22
2026-08-01T12:41:40,OK,alerts=23;jams=18
2026-08-01T14:09:32,OK,alerts=23;jams=26
2026-08-01T15:13:50,OK,alerts=24;jams=20
2026-08-01T16:11:58,OK,alerts=26;jams=19
2026-08-01T17:12:20,OK,alerts=25;jams=21
2026-08-01T18:09:29,OK,alerts=26;jams=18
2026-08-01T19:23:51,OK,alerts=24;jams=20
2026-08-01T20:16:28,OK,alerts=43;jams=38
2026-08-01T21:10:15,OK,alerts=43;jams=39
2026-08-01T22:08:11,OK,alerts=25;jams=22
2026-08-01T23:06:06,OK,alerts=25;jams=19
2026-08-02T00:06:07,OK,alerts=26;jams=18
2026-08-02T03:44:50,OK,alerts=23;jams=18
2026-08-02T06:20:39,OK,alerts=23;jams=18
2026-08-02T08:39:41,OK,alerts=23;jams=18
2026-08-02T10:17:45,OK,alerts=23;jams=20
2026-08-02T11:35:36,OK,alerts=22;jams=18
2026-08-02T12:38:10,OK,alerts=23;jams=18
2026-08-02T14:11:24,OK,alerts=22;jams=19
2026-08-02T15:16:49,OK,alerts=23;jams=19
2026-08-02T16:13:52,OK,alerts=22;jams=21
2026-08-02T17:14:17,OK,alerts=22;jams=19
2026-08-02T18:10:31,OK,alerts=22;jams=17
2026-08-02T19:30:55,OK,alerts=23;jams=19
2026-08-02T20:28:30,OK,alerts=23;jams=22
2026-08-02T21:23:16,OK,alerts=25;jams=20
2026-08-02T22:14:16,OK,alerts=26;jams=21
2026-08-02T23:10:55,OK,alerts=25;jams=19
2026-08-03T00:09:01,OK,alerts=22;jams=19
2026-08-03T03:49:00,OK,alerts=20;jams=16
2026-08-03T06:47:43,OK,alerts=20;jams=16
2026-08-03T10:27:30,OK,alerts=21;jams=19
2026-08-03T13:23:19,OK,alerts=22;jams=20
2026-08-03T15:58:25,OK,alerts=20;jams=19
2026-08-03T17:46:49,OK,alerts=23;jams=17
2026-08-03T19:10:30,OK,alerts=22;jams=20
2026-08-03T20:38:11,OK,alerts=24;jams=20
2026-08-03T21:45:12,OK,alerts=28;jams=26
2026-08-03T22:40:47,OK,alerts=23;jams=18
2026-08-03T23:44:25,OK,alerts=23;jams=17
2026-08-04T01:06:05,OK,alerts=25;jams=15
2026-08-04T06:45:19,OK,alerts=23;jams=15
2026-08-04T09:29:21,OK,alerts=34;jams=27
2026-08-04T15:39:24,OK,alerts=21;jams=17
2026-08-04T17:16:35,OK,alerts=24;jams=19
2026-08-04T18:53:59,OK,alerts=18;jams=20
2026-08-04T20:14:48,OK,alerts=18;jams=20
2026-08-04T21:35:46,OK,alerts=20;jams=29
2026-08-04T23:38:25,OK,alerts=17;jams=18
2026-08-05T00:59:39,OK,alerts=17;jams=17
2026-08-05T04:06:56,OK,alerts=16;jams=16
2026-08-05T06:37:50,OK,alerts=16;jams=16
2026-08-05T09:21:42,OK,alerts=18;jams=17
2026-08-05T11:32:41,OK,alerts=16;jams=17
2026-08-05T13:13:14,OK,alerts=19;jams=25
2026-08-05T15:26:10,OK,alerts=14;jams=18
2026-08-05T16:57:54,OK,alerts=15;jams=19
2026-08-05T18:16:17,OK,alerts=18;jams=19
2026-08-05T19:55:44,OK,alerts=23;jams=30
2026-08-05T20:54:21,OK,alerts=32;jams=35
2026-08-05T22:01:23,OK,alerts=28;jams=37
2026-08-05T23:03:18,OK,alerts=31;jams=22
2026-08-06T00:05:20,OK,alerts=20;jams=20
2026-08-06T03:28:37,OK,alerts=16;jams=16
2026-08-06T06:09:41,OK,alerts=16;jams=14
2026-08-06T08:50:35,OK,alerts=31;jams=30
2026-08-06T11:08:25,OK,alerts=20;jams=20
2026-08-06T13:01:26,OK,alerts=16;jams=19
2026-08-06T15:20:27,OK,alerts=17;jams=18
2026-08-07T00:20:25,OK,alerts=22;jams=16
2026-08-07T03:19:49,OK,alerts=23;jams=15
2026-08-07T05:05:49,OK,alerts=23;jams=15
2026-08-07T06:13:26,OK,alerts=23;jams=14
2026-08-07T07:39:36,OK,alerts=23;jams=14
2026-08-07T08:37:16,OK,alerts=23;jams=14
2026-08-07T09:36:29,OK,alerts=23;jams=14
2026-08-07T10:29:05,OK,alerts=24;jams=14
2026-08-07T11:20:51,OK,alerts=24;jams=18
2026-08-07T12:00:54,OK,alerts=25;jams=18
2026-08-07T13:07:32,OK,alerts=22;jams=15
2026-08-07T14:16:53,OK,alerts=25;jams=21
2026-08-07T15:09:47,OK,alerts=26;jams=16
2026-08-07T16:06:05,OK,alerts=26;jams=18
2026-08-07T17:02:41,OK,alerts=24;jams=21
2026-08-07T17:52:32,OK,alerts=22;jams=20
2026-08-07T18:33:18,OK,alerts=27;jams=21
2026-08-07T19:32:55,OK,alerts=27;jams=25
2026-08-07T20:08:14,OK,alerts=32;jams=25
2026-08-07T20:53:37,OK,alerts=28;jams=24
2026-08-07T21:24:00,OK,alerts=33;jams=28
2026-08-07T22:35:44,OK,alerts=24;jams=21
2026-08-07T23:08:25,OK,alerts=21;jams=17
2026-08-07T23:44:14,OK,alerts=22;jams=19
2026-08-08T00:05:12,OK,alerts=20;jams=15
2026-08-08T02:10:29,OK,alerts=20;jams=15
2026-08-08T03:41:47,OK,alerts=20;jams=14
2026-08-08T04:37:52,OK,alerts=20;jams=14
2026-08-08T05:22:33,OK,alerts=20;jams=14
2026-08-08T06:00:38,OK,alerts=20;jams=14
2026-08-08T06:55:09,OK,alerts=20;jams=15
2026-08-08T07:38:26,OK,alerts=32;jams=27
2026-08-08T08:18:24,OK,alerts=32;jams=26
2026-08-08T09:03:20,OK,alerts=32;jams=27
2026-08-08T09:47:10,OK,alerts=32;jams=27
