"collected_at","id","street","endNode","city","country","roadType","speedKMH","level","length_m","delay_s","lat","lon","pubMillis","pubDateUtc","blockingAlertUuid"
"2026-07-16T14:23:13","1764083300","Av. Siqueira Campos","","Palmas","BR","2","0.0","5","155","-1","-10.292304","-48.332966","1782872109418","2026-07-01T02:15:09","78af3b54-3dea-4f10-8eb5-5fb4a34eaabb"
"2026-07-16T14:23:13","75391356","ARNE 12 Al. 17","ARNE 12 Al. 18","Palmas","BR","1","5.73","3","384","177","-10.183298","-48.321774","1784222381912","2026-07-16T17:19:41",
"2026-07-16T14:23:13","1275283552","","Av. NS-10","Palmas","BR","1","0.0","5","70","-1","-10.258317","-48.317258","1782526649111","2026-06-27T02:17:29","3c3cc392-5d12-48d2-a44d-55f1688e96a0"
"2026-07-16T14:23:13","1693600118","Av. Siqueira Campos","","Palmas","BR","2","0.0","5","155","-1","-10.292304","-48.332966","1784081883010","2026-07-15T02:18:03","af3fc386-180b-4082-a64c-64efe9627b8d"
"2026-07-16T14:23:13","1764089184","",,"Palmas","BR","1","0.0","5","45","-1","-10.25844","-48.317041","1782872178272","2026-07-01T02:16:18","972e31c2-cd12-4c0a-b3ee-1530d2e74b4f"
"2026-07-16T14:23:13","1693596122","",,"Palmas","BR","1","0.0","5","36","-1","-10.258352","-48.316498","1784081881899","2026-07-15T02:18:01","f6a9d158-cb4d-43ec-b26e-e2687cf324bf"
"2026-07-16T14:23:13","75994926","ACSE 11 Rua SE-11","Av. NS-2","Palmas","BR","1","8.0","3","295","80","-10.190934","-48.32857","1784222608783","2026-07-16T17:23:28",
"2026-07-16T14:23:13","1693618776","",,"Palmas","BR","1","0.0","5","63","-1","-10.258354","-48.315834","1784081881640","2026-07-15T02:18:01","dc9d4e1f-8670-4b13-9612-de4df2989f38"
"2026-07-16T14:23:13","1211995990","",,"Palmas","BR","1","0.0","5","21","-1","-10.258363","-48.316757","1782353685339","2026-06-25T02:14:45","a82a13e5-2525-4021-aa92-7892a48c9f70"
"2026-07-16T14:23:13","1088566738","",,"Palmas","BR","1","0.0","5","41","-1","-10.258569","-48.317408","1783562302500","2026-07-09T01:58:22","9740383b-d7ef-4ff2-9da7-1b82984db198"
"2026-07-16T14:23:13","1877536026","",,"Palmas","BR","1","0.0","5","23","-1","-10.258348","-48.316227","1784194194365","2026-07-16T09:29:54","67a7d0d3-9d61-4acd-8315-250cecac9790"
"2026-07-16T14:23:13","1693600032","",,"Palmas","BR","1","0.0","5","63","-1","-10.258354","-48.315834","1784081881899","2026-07-15T02:18:01","205a09b3-2e2f-4b45-86aa-4ea82a9ecd25"
"2026-07-16T14:23:13","1764118132","Av. Siqueira Campos","","Palmas","BR","2","0.0","5","327","-1","-10.294325","-48.33214","1782872110314","2026-07-01T02:15:10","2f08bda5-8a61-4942-836a-8f1ec7689705"
"2026-07-16T14:23:13","1877536028","",,"Palmas","BR","1","0.0","5","23","-1","-10.258348","-48.316227","1784194194365","2026-07-16T09:29:54","151ee59d-9fc8-4482-9e04-b365b1e458b5"
"2026-07-16T14:23:13","1693600006","Av. Siqueira Campos","","Palmas","BR","2","0.0","5","327","-1","-10.294325","-48.33214","1784081881897","2026-07-15T02:18:01","2613c8db-9637-40d4-8e38-c2092c8c0dfc"
"2026-07-16T14:23:13","75783506","TO-020","Palmas","Palmas","BR","6","32.07","2","2178","119","-10.250567","-48.255326","1784222536036","2026-07-16T17:22:16",
"2026-07-16T14:23:13","1090156748","Av. Siqueira Campos","","Palmas","BR","2","0.0","5","979","-1","-10.298359","-48.32771","1783563941797","2026-07-09T02:25:41","e944a470-62d5-4656-aaf0-087383708928"
"2026-07-16T14:23:13","1851288576","",,"Palmas","BR","1","0.0","5","36","-1","-10.258352","-48.316498","1784019161779","2026-07-14T08:52:41","341a3583-4137-4e82-bfbb-a67b5e845593"
"2026-07-16T14:23:13","75054944","",,"Palmas","BR","2","5.34","3","257","92","-10.220703","-48.330885","1784222234155","2026-07-16T17:17:14",
"2026-07-16T14:23:13","223991394","",,"Palmas","BR","1","0.0","5","21","-1","-10.258363","-48.316757","1783180963404","2026-07-04T16:02:43","d984add8-2949-4ac0-81b5-2aa666f8ed15"
"2026-07-16T14:23:13","1694226848","",,"Palmas","BR","1","0.0","5","15","-1","-10.258365","-48.316918","1783904330428","2026-07-13T00:58:50","06d504d6-dac0-4c04-9329-7777206ab7a2"
"2026-07-16T14:23:13","1877412378","",,"Palmas","BR","1","0.0","5","86","-1","-10.258277","-48.315151","1784194127349","2026-07-16T09:28:47","95d9d88f-a5e9-4a1f-a5e3-d31635a7afc6"
"2026-07-16T14:23:13","1697990376","Av. Siqueira Campos","","Palmas","BR","2","0.0","5","979","-1","-10.298359","-48.32771","1783909046043","2026-07-13T02:17:26","128eda9c-f215-485b-9c7c-a1544bb8c545"
"2026-07-16T14:23:13","1693573164","","","Palmas","BR","1","0.0","5","86","-1","-10.258278","-48.315151","1784081882190","2026-07-15T02:18:02","0584e645-bcd7-4670-a8e4-2c08a6763039"
"2026-07-16T14:25:13","1764083300","Av. Siqueira Campos","","Palmas","BR","2","0.0","5","155","-1","-10.292304","-48.332966","1782872109418","2026-07-01T02:15:09","78af3b54-3dea-4f10-8eb5-5fb4a34eaabb"
"2026-07-16T14:25:13","75391356","ARNE 12 Al. 17","ARNE 12 Al. 18","Palmas","BR","1","5.76","3","384","175","-10.183298","-48.321774","1784222381912","2026-07-16T17:19:41",
"2026-07-16T14:25:13","1275283552","","Av. NS-10","Palmas","BR","1","0.0","5","70","-1","-10.258317","-48.317258","1782526649111","2026-06-27T02:17:29","3c3cc392-5d12-48d2-a44d-55f1688e96a0"
"2026-07-16T14:25:13","1693600118","Av. Siqueira Campos","","Palmas","BR","2","0.0","5","155","-1","-10.292304","-48.332966","1784081883010","2026-07-15T02:18:03","af3fc386-180b-4082-a64c-64efe9627b8d"
"2026-07-16T14:25:13","1764089184","",,"Palmas","BR","1","0.0","5","45","-1","-10.25844","-48.317041","1782872178272","2026-07-01T02:16:18","972e31c2-cd12-4c0a-b3ee-1530d2e74b4f"
"2026-07-16T14:25:13","1693596122","",,"Palmas","BR","1","0.0","5","36","-1","-10.258352","-48.316498","1784081881899","2026-07-15T02:18:01","f6a9d158-cb4d-43ec-b26e-e2687cf324bf"
"2026-07-16T14:25:13","75994926","ACSE 11 Rua SE-11","Av. NS-2","Palmas","BR","1","8.09","3","295","78","-10.190934","-48.32857","1784222608783","2026-07-16T17:23:28",
"2026-07-16T14:25:13","1693618776","",,"Palmas","BR","1","0.0","5","63","-1","-10.258354","-48.315834","1784081881640","2026-07-15T02:18:01","dc9d4e1f-8670-4b13-9612-de4df2989f38"
"2026-07-16T14:25:13","1211995990","",,"Palmas","BR","1","0.0","5","21","-1","-10.258363","-48.316757","1782353685339","2026-06-25T02:14:45","a82a13e5-2525-4021-aa92-7892a48c9f70"
"2026-07-16T14:25:13","1088566738","",,"Palmas","BR","1","0.0","5","41","-1","-10.258569","-48.317408","1783562302500","2026-07-09T01:58:22","9740383b-d7ef-4ff2-9da7-1b82984db198"
"2026-07-16T14:25:13","1877536026","",,"Palmas","BR","1","0.0","5","23","-1","-10.258348","-48.316227","1784194194365","2026-07-16T09:29:54","67a7d0d3-9d61-4acd-8315-250cecac9790"
"2026-07-16T14:25:13","1693600032","",,"Palmas","BR","1","0.0","5","63","-1","-10.258354","-48.315834","1784081881899","2026-07-15T02:18:01","205a09b3-2e2f-4b45-86aa-4ea82a9ecd25"
"2026-07-16T14:25:13","1764118132","Av. Siqueira Campos","","Palmas","BR","2","0.0","5","327","-1","-10.294325","-48.33214","1782872110314","2026-07-01T02:15:10","2f08bda5-8a61-4942-836a-8f1ec7689705"
"2026-07-16T14:25:13","1877536028","",,"Palmas","BR","1","0.0","5","23","-1","-10.258348","-48.316227","1784194194365","2026-07-16T09:29:54","151ee59d-9fc8-4482-9e04-b365b1e458b5"
"2026-07-16T14:25:13","1693600006","Av. Siqueira Campos","","Palmas","BR","2","0.0","5","327","-1","-10.294325","-48.33214","1784081881897","2026-07-15T02:18:01","2613c8db-9637-40d4-8e38-c2092c8c0dfc"
"2026-07-16T14:25:13","75783506","TO-020","Palmas","Palmas","BR","6","32.22","2","2178","118","-10.250567","-48.255326","1784222536036","2026-07-16T17:22:16",
"2026-07-16T14:25:13","1090156748","Av. Siqueira Campos","","Palmas","BR","2","0.0","5","979","-1","-10.298359","-48.32771","1783563941797","2026-07-09T02:25:41","e944a470-62d5-4656-aaf0-087383708928"
"2026-07-16T14:25:13","1851288576","",,"Palmas","BR","1","0.0","5","36","-1","-10.258352","-48.316498","1784019161779","2026-07-14T08:52:41","341a3583-4137-4e82-bfbb-a67b5e845593"
"2026-07-16T14:25:13","75054944","",,"Palmas","BR","2","5.37","3","257","91","-10.220703","-48.330885","1784222234155","2026-07-16T17:17:14",
"2026-07-16T14:25:13","1694226848","",,"Palmas","BR","1","0.0","5","15","-1","-10.258365","-48.316918","1783904330428","2026-07-13T00:58:50","06d504d6-dac0-4c04-9329-7777206ab7a2"
"2026-07-16T14:25:13","223991394","",,"Palmas","BR","1","0.0","5","21","-1","-10.258363","-48.316757","1783180963404","2026-07-04T16:02:43","d984add8-2949-4ac0-81b5-2aa666f8ed15"
"2026-07-16T14:25:13","1877412378","",,"Palmas","BR","1","0.0","5","86","-1","-10.258277","-48.315151","1784194127349","2026-07-16T09:28:47","95d9d88f-a5e9-4a1f-a5e3-d31635a7afc6"
"2026-07-16T14:25:13","1693573164","","","Palmas","BR","1","0.0","5","86","-1","-10.258278","-48.315151","1784081882190","2026-07-15T02:18:02","0584e645-bcd7-4670-a8e4-2c08a6763039"
"2026-07-16T14:25:13","1697990376","Av. Siqueira Campos","","Palmas","BR","2","0.0","5","979","-1","-10.298359","-48.32771","1783909046043","2026-07-13T02:17:26","128eda9c-f215-485b-9c7c-a1544bb8c545"
"2026-07-16T14:30:13","76693266","BR-010","","Palmas","BR","6","21.68","2","945","83","-10.344271","-48.299939","1784222977900","2026-07-16T17:29:37",
"2026-07-16T14:30:13","1764083300","Av. Siqueira Campos","","Palmas","BR","2","0.0","5","155","-1","-10.292304","-48.332966","1782872109418","2026-07-01T02:15:09","78af3b54-3dea-4f10-8eb5-5fb4a34eaabb"
"2026-07-16T14:30:13","75391356","ARNE 12 Al. 17","ARNE 12 Al. 18","Palmas","BR","1","5.94","3","384","168","-10.183298","-48.321774","1784222381912","2026-07-16T17:19:41",
"2026-07-16T14:30:13","1693600118","Av. Siqueira Campos","","Palmas","BR","2","0.0","5","155","-1","-10.292304","-48.332966","1784081883010","2026-07-15T02:18:03","af3fc386-180b-4082-a64c-64efe9627b8d"
"2026-07-16T14:30:13","1764089184","",,"Palmas","BR","1","0.0","5","45","-1","-10.25844","-48.317041","1782872178272","2026-07-01T02:16:18","972e31c2-cd12-4c0a-b3ee-1530d2e74b4f"
"2026-07-16T14:30:13","76807710","ACSE 1 Rua SE-3","Av. NS-4","Palmas","BR","1","4.36","2","156","76","-10.186505","-48.325556","1784222977056","2026-07-16T17:29:37",
"2026-07-16T14:30:13","1693600032","",,"Palmas","BR","1","0.0","5","63","-1","-10.258354","-48.315834","1784081881899","2026-07-15T02:18:01","205a09b3-2e2f-4b45-86aa-4ea82a9ecd25"
"2026-07-16T14:30:13","1764118132","Av. Siqueira Campos","","Palmas","BR","2","0.0","5","327","-1","-10.294325","-48.33214","1782872110314","2026-07-01T02:15:10","2f08bda5-8a61-4942-836a-8f1ec7689705"
"2026-07-16T14:30:13","1851288576","",,"Palmas","BR","1","0.0","5","36","-1","-10.258352","-48.316498","1784019161779","2026-07-14T08:52:41","341a3583-4137-4e82-bfbb-a67b5e845593"
"2026-07-16T14:30:13","75054944","",,"Palmas","BR","2","5.49","3","222","76","-10.220605","-48.33034","1784222234155","2026-07-16T17:17:14",
"2026-07-16T14:30:13","1694226848","",,"Palmas","BR","1","0.0","5","15","-1","-10.258365","-48.316918","1783904330428","2026-07-13T00:58:50","06d504d6-dac0-4c04-9329-7777206ab7a2"
"2026-07-16T14:30:13","1697990376","Av. Siqueira Campos","","Palmas","BR","2","0.0","5","979","-1","-10.298359","-48.32771","1783909046043","2026-07-13T02:17:26","128eda9c-f215-485b-9c7c-a1544bb8c545"
"2026-07-16T14:30:13","1693573164","","","Palmas","BR","1","0.0","5","86","-1","-10.258278","-48.315151","1784081882190","2026-07-15T02:18:02","0584e645-bcd7-4670-a8e4-2c08a6763039"
"2026-07-16T14:30:13","1275283552","","Av. NS-10","Palmas","BR","1","0.0","5","70","-1","-10.258317","-48.317258","1782526649111","2026-06-27T02:17:29","3c3cc392-5d12-48d2-a44d-55f1688e96a0"
"2026-07-16T14:30:13","76447910","Av. Siqueira Campos","Av. LO-14","Palmas","BR","2","26.2","2","1760","96","-10.169713","-48.331162","1784222833475","2026-07-16T17:27:13",
"2026-07-16T14:30:13","1693596122","",,"Palmas","BR","1","0.0","5","36","-1","-10.258352","-48.316498","1784081881899","2026-07-15T02:18:01","f6a9d158-cb4d-43ec-b26e-e2687cf324bf"
"2026-07-16T14:30:13","75994926","ACSE 11 Rua SE-11","Av. NS-2","Palmas","BR","1","7.91","3","295","81","-10.190934","-48.32857","1784222608783","2026-07-16T17:23:28",
"2026-07-16T14:30:13","1693618776","",,"Palmas","BR","1","0.0","5","63","-1","-10.258354","-48.315834","1784081881640","2026-07-15T02:18:01","dc9d4e1f-8670-4b13-9612-de4df2989f38"
"2026-07-16T14:30:13","1211995990","",,"Palmas","BR","1","0.0","5","21","-1","-10.258363","-48.316757","1782353685339","2026-06-25T02:14:45","a82a13e5-2525-4021-aa92-7892a48c9f70"
"2026-07-16T14:30:13","1088566738","",,"Palmas","BR","1","0.0","5","41","-1","-10.258569","-48.317408","1783562302500","2026-07-09T01:58:22","9740383b-d7ef-4ff2-9da7-1b82984db198"
"2026-07-16T14:30:13","1877536026","",,"Palmas","BR","1","0.0","5","23","-1","-10.258348","-48.316227","1784194194365","2026-07-16T09:29:54","67a7d0d3-9d61-4acd-8315-250cecac9790"
"2026-07-16T14:30:13","1877536028","",,"Palmas","BR","1","0.0","5","23","-1","-10.258348","-48.316227","1784194194365","2026-07-16T09:29:54","151ee59d-9fc8-4482-9e04-b365b1e458b5"
"2026-07-16T14:30:13","1693600006","Av. Siqueira Campos","","Palmas","BR","2","0.0","5","327","-1","-10.294325","-48.33214","1784081881897","2026-07-15T02:18:01","2613c8db-9637-40d4-8e38-c2092c8c0dfc"
"2026-07-16T14:30:13","1090156748","Av. Siqueira Campos","","Palmas","BR","2","0.0","5","979","-1","-10.298359","-48.32771","1783563941797","2026-07-09T02:25:41","e944a470-62d5-4656-aaf0-087383708928"
"2026-07-16T14:30:13","223991394","",,"Palmas","BR","1","0.0","5","21","-1","-10.258363","-48.316757","1783180963404","2026-07-04T16:02:43","d984add8-2949-4ac0-81b5-2aa666f8ed15"
"2026-07-16T14:30:13","1877412378","",,"Palmas","BR","1","0.0","5","86","-1","-10.258277","-48.315151","1784194127349","2026-07-16T09:28:47","95d9d88f-a5e9-4a1f-a5e3-d31635a7afc6"
"2026-07-16T14:35:15","77394780","",,"Taquarussu do Porto (Palmas)","BR","1","8.67","3","749","217","-10.305838","-48.158825","1784223198951","2026-07-16T17:33:18",
"2026-07-16T14:35:15","76693266","BR-010","","Palmas","BR","6","21.27","2","945","86","-10.344271","-48.299939","1784222977900","2026-07-16T17:29:37",
"2026-07-16T14:35:15","1764083300","Av. Siqueira Campos","","Palmas","BR","2","0.0","5","155","-1","-10.292304","-48.332966","1782872109418","2026-07-01T02:15:09","78af3b54-3dea-4f10-8eb5-5fb4a34eaabb"
"2026-07-16T14:35:15","1693600118","Av. Siqueira Campos","","Palmas","BR","2","0.0","5","155","-1","-10.292304","-48.332966","1784081883010","2026-07-15T02:18:03","af3fc386-180b-4082-a64c-64efe9627b8d"
"2026-07-16T14:35:15","1764089184","",,"Palmas","BR","1","0.0","5","45","-1","-10.25844","-48.317041","1782872178272","2026-07-01T02:16:18","972e31c2-cd12-4c0a-b3ee-1530d2e74b4f"
"2026-07-16T14:35:15","77483852","ARNE 12 Al. 17","ARNE 12 Al. 18","Palmas","BR","1","5.88","3","384","171","-10.183298","-48.321774","1784223271888","2026-07-16T17:34:31",
"2026-07-16T14:35:15","1693600032","",,"Palmas","BR","1","0.0","5","63","-1","-10.258354","-48.315834","1784081881899","2026-07-15T02:18:01","205a09b3-2e2f-4b45-86aa-4ea82a9ecd25"
"2026-07-16T14:35:15","1764118132","Av. Siqueira Campos","","Palmas","BR","2","0.0","5","327","-1","-10.294325","-48.33214","1782872110314","2026-07-01T02:15:10","2f08bda5-8a61-4942-836a-8f1ec7689705"
"2026-07-16T14:35:15","77586248","ACSE 1 Rua SE-1","Av. NS-2","Palmas","BR","1","11.0","3","553","124","-10.185583","-48.327002","1784223272206","2026-07-16T17:34:32",
"2026-07-16T14:35:15","1851288576","",,"Palmas","BR","1","0.0","5","36","-1","-10.258352","-48.316498","1784019161779","2026-07-14T08:52:41","341a3583-4137-4e82-bfbb-a67b5e845593"
"2026-07-16T14:35:15","1694226848","",,"Palmas","BR","1","0.0","5","15","-1","-10.258365","-48.316918","1783904330428","2026-07-13T00:58:50","06d504d6-dac0-4c04-9329-7777206ab7a2"
"2026-07-16T14:35:15","1693573164","","","Palmas","BR","1","0.0","5","86","-1","-10.258278","-48.315151","1784081882190","2026-07-15T02:18:02","0584e645-bcd7-4670-a8e4-2c08a6763039"
"2026-07-16T14:35:15","1697990376","Av. Siqueira Campos","","Palmas","BR","2","0.0","5","979","-1","-10.298359","-48.32771","1783909046043","2026-07-13T02:17:26","128eda9c-f215-485b-9c7c-a1544bb8c545"
"2026-07-16T14:35:15","77527360","ACNO 1 Rua NO-1","Av. NS-1","Palmas","BR","1","8.36","3","544","167","-10.183545","-48.339659","1784223272438","2026-07-16T17:34:32",
"2026-07-16T14:35:15","1275283552","","Av. NS-10","Palmas","BR","1","0.0","5","70","-1","-10.258317","-48.317258","1782526649111","2026-06-27T02:17:29","3c3cc392-5d12-48d2-a44d-55f1688e96a0"
"2026-07-16T14:35:15","1693596122","",,"Palmas","BR","1","0.0","5","36","-1","-10.258352","-48.316498","1784081881899","2026-07-15T02:18:01","f6a9d158-cb4d-43ec-b26e-e2687cf324bf"
"2026-07-16T14:35:15","1693618776","",,"Palmas","BR","1","0.0","5","63","-1","-10.258354","-48.315834","1784081881640","2026-07-15T02:18:01","dc9d4e1f-8670-4b13-9612-de4df2989f38"
"2026-07-16T14:35:15","1211995990","",,"Palmas","BR","1","0.0","5","21","-1","-10.258363","-48.316757","1782353685339","2026-06-25T02:14:45","a82a13e5-2525-4021-aa92-7892a48c9f70"
"2026-07-16T14:35:15","1088566738","",,"Palmas","BR","1","0.0","5","41","-1","-10.258569","-48.317408","1783562302500","2026-07-09T01:58:22","9740383b-d7ef-4ff2-9da7-1b82984db198"
"2026-07-16T14:35:15","1877536026","",,"Palmas","BR","1","0.0","5","23","-1","-10.258348","-48.316227","1784194194365","2026-07-16T09:29:54","67a7d0d3-9d61-4acd-8315-250cecac9790"
"2026-07-16T14:35:15","1693600006","Av. Siqueira Campos","","Palmas","BR","2","0.0","5","327","-1","-10.294325","-48.33214","1784081881897","2026-07-15T02:18:01","2613c8db-9637-40d4-8e38-c2092c8c0dfc"
"2026-07-16T14:35:15","1877536028","",,"Palmas","BR","1","0.0","5","23","-1","-10.258348","-48.316227","1784194194365","2026-07-16T09:29:54","151ee59d-9fc8-4482-9e04-b365b1e458b5"
"2026-07-16T14:35:15","1090156748","Av. Siqueira Campos","","Palmas","BR","2","0.0","5","979","-1","-10.298359","-48.32771","1783563941797","2026-07-09T02:25:41","e944a470-62d5-4656-aaf0-087383708928"
"2026-07-16T14:35:15","223991394","",,"Palmas","BR","1","0.0","5","21","-1","-10.258363","-48.316757","1783180963404","2026-07-04T16:02:43","d984add8-2949-4ac0-81b5-2aa666f8ed15"
"2026-07-16T14:35:15","1877412378","",,"Palmas","BR","1","0.0","5","86","-1","-10.258277","-48.315151","1784194127349","2026-07-16T09:28:47","95d9d88f-a5e9-4a1f-a5e3-d31635a7afc6"
"2026-07-16T14:40:11","76693266","BR-010","","Palmas","BR","6","21.78","2","945","83","-10.344271","-48.299939","1784222977900","2026-07-16T17:29:37",
"2026-07-16T14:40:11","1764083300","Av. Siqueira Campos","","Palmas","BR","2","0.0","5","155","-1","-10.292304","-48.332966","1782872109418","2026-07-01T02:15:09","78af3b54-3dea-4f10-8eb5-5fb4a34eaabb"
"2026-07-16T14:40:11","1275283552","","Av. NS-10","Palmas","BR","1","0.0","5","70","-1","-10.258317","-48.317258","1782526649111","2026-06-27T02:17:29","3c3cc392-5d12-48d2-a44d-55f1688e96a0"
"2026-07-16T14:40:11","1693600118","Av. Siqueira Campos","","Palmas","BR","2","0.0","5","155","-1","-10.292304","-48.332966","1784081883010","2026-07-15T02:18:03","af3fc386-180b-4082-a64c-64efe9627b8d"
"2026-07-16T14:40:11","1764089184","",,"Palmas","BR","1","0.0","5","45","-1","-10.25844","-48.317041","1782872178272","2026-07-01T02:16:18","972e31c2-cd12-4c0a-b3ee-1530d2e74b4f"
"2026-07-16T14:40:11","1693596122","",,"Palmas","BR","1","0.0","5","36","-1","-10.258352","-48.316498","1784081881899","2026-07-15T02:18:01","f6a9d158-cb4d-43ec-b26e-e2687cf324bf"
"2026-07-16T14:40:11","1693618776","",,"Palmas","BR","1","0.0","5","63","-1","-10.258354","-48.315834","1784081881640","2026-07-15T02:18:01","dc9d4e1f-8670-4b13-9612-de4df2989f38"
"2026-07-16T14:40:11","1211995990","",,"Palmas","BR","1","0.0","5","21","-1","-10.258363","-48.316757","1782353685339","2026-06-25T02:14:45","a82a13e5-2525-4021-aa92-7892a48c9f70"
"2026-07-16T14:40:11","77545808","ARSO 132A Al. 5","ARSO 132A Al. 11","Palmas","BR","1","8.85","3","299","67","-10.264901","-48.344599","1784223350605","2026-07-16T17:35:50",
"2026-07-16T14:40:11","1088566738","",,"Palmas","BR","1","0.0","5","41","-1","-10.258569","-48.317408","1783562302500","2026-07-09T01:58:22","9740383b-d7ef-4ff2-9da7-1b82984db198"
"2026-07-16T14:40:11","1877536026","",,"Palmas","BR","1","0.0","5","23","-1","-10.258348","-48.316227","1784194194365","2026-07-16T09:29:54","67a7d0d3-9d61-4acd-8315-250cecac9790"
"2026-07-16T14:40:11","1693600032","",,"Palmas","BR","1","0.0","5","63","-1","-10.258354","-48.315834","1784081881899","2026-07-15T02:18:01","205a09b3-2e2f-4b45-86aa-4ea82a9ecd25"
"2026-07-16T14:40:11","1764118132","Av. Siqueira Campos","","Palmas","BR","2","0.0","5","327","-1","-10.294325","-48.33214","1782872110314","2026-07-01T02:15:10","2f08bda5-8a61-4942-836a-8f1ec7689705"
"2026-07-16T14:40:11","1877536028","",,"Palmas","BR","1","0.0","5","23","-1","-10.258348","-48.316227","1784194194365","2026-07-16T09:29:54","151ee59d-9fc8-4482-9e04-b365b1e458b5"
"2026-07-16T14:40:11","1693600006","Av. Siqueira Campos","","Palmas","BR","2","0.0","5","327","-1","-10.294325","-48.33214","1784081881897","2026-07-15T02:18:01","2613c8db-9637-40d4-8e38-c2092c8c0dfc"
"2026-07-16T14:40:11","1090156748","Av. Siqueira Campos","","Palmas","BR","2","0.0","5","979","-1","-10.298359","-48.32771","1783563941797","2026-07-09T02:25:41","e944a470-62d5-4656-aaf0-087383708928"
"2026-07-16T14:40:11","1851288576","",,"Palmas","BR","1","0.0","5","36","-1","-10.258352","-48.316498","1784019161779","2026-07-14T08:52:41","341a3583-4137-4e82-bfbb-a67b5e845593"
"2026-07-16T14:40:11","1694226848","",,"Palmas","BR","1","0.0","5","15","-1","-10.258365","-48.316918","1783904330428","2026-07-13T00:58:50","06d504d6-dac0-4c04-9329-7777206ab7a2"
"2026-07-16T14:40:11","223991394","",,"Palmas","BR","1","0.0","5","21","-1","-10.258363","-48.316757","1783180963404","2026-07-04T16:02:43","d984add8-2949-4ac0-81b5-2aa666f8ed15"
"2026-07-16T14:40:11","1877412378","",,"Palmas","BR","1","0.0","5","86","-1","-10.258277","-48.315151","1784194127349","2026-07-16T09:28:47","95d9d88f-a5e9-4a1f-a5e3-d31635a7afc6"
"2026-07-16T14:40:11","1697990376","Av. Siqueira Campos","","Palmas","BR","2","0.0","5","979","-1","-10.298359","-48.32771","1783909046043","2026-07-13T02:17:26","128eda9c-f215-485b-9c7c-a1544bb8c545"
"2026-07-16T14:40:11","1693573164","","","Palmas","BR","1","0.0","5","86","-1","-10.258278","-48.315151","1784081882190","2026-07-15T02:18:02","0584e645-bcd7-4670-a8e4-2c08a6763039"
"2026-07-16T14:40:11","77527360","ACNO 1 Rua NO-1","Av. NS-1","Palmas","BR","1","8.56","3","544","162","-10.183545","-48.339659","1784223272438","2026-07-16T17:34:32",
"2026-07-16T14:45:11","1764083300","Av. Siqueira Campos","","Palmas","BR","2","0.0","5","155","-1","-10.292304","-48.332966","1782872109418","2026-07-01T02:15:09","78af3b54-3dea-4f10-8eb5-5fb4a34eaabb"
"2026-07-16T14:45:11","1275283552","","Av. NS-10","Palmas","BR","1","0.0","5","70","-1","-10.258317","-48.317258","1782526649111","2026-06-27T02:17:29","3c3cc392-5d12-48d2-a44d-55f1688e96a0"
"2026-07-16T14:45:11","1693600118","Av. Siqueira Campos","","Palmas","BR","2","0.0","5","155","-1","-10.292304","-48.332966","1784081883010","2026-07-15T02:18:03","af3fc386-180b-4082-a64c-64efe9627b8d"
"2026-07-16T14:45:11","1764089184","",,"Palmas","BR","1","0.0","5","45","-1","-10.25844","-48.317041","1782872178272","2026-07-01T02:16:18","972e31c2-cd12-4c0a-b3ee-1530d2e74b4f"
"2026-07-16T14:45:11","78847412","BR-010","","Palmas","BR","6","8.35","3","296","105","-10.329662","-48.298129","1784223861246","2026-07-16T17:44:21",
"2026-07-16T14:45:11","1693596122","",,"Palmas","BR","1","0.0","5","36","-1","-10.258352","-48.316498","1784081881899","2026-07-15T02:18:01","f6a9d158-cb4d-43ec-b26e-e2687cf324bf"
"2026-07-16T14:45:11","1693618776","",,"Palmas","BR","1","0.0","5","63","-1","-10.258354","-48.315834","1784081881640","2026-07-15T02:18:01","dc9d4e1f-8670-4b13-9612-de4df2989f38"
"2026-07-16T14:45:11","1211995990","",,"Palmas","BR","1","0.0","5","21","-1","-10.258363","-48.316757","1782353685339","2026-06-25T02:14:45","a82a13e5-2525-4021-aa92-7892a48c9f70"
"2026-07-16T14:45:11","78780734","BR-010","","Palmas","BR","6","37.26","1","2492","86","-10.347791","-48.300407","1784223862474","2026-07-16T17:44:22",
"2026-07-16T14:45:11","1088566738","",,"Palmas","BR","1","0.0","5","41","-1","-10.258569","-48.317408","1783562302500","2026-07-09T01:58:22","9740383b-d7ef-4ff2-9da7-1b82984db198"
"2026-07-16T14:45:11","1877536026","",,"Palmas","BR","1","0.0","5","23","-1","-10.258348","-48.316227","1784194194365","2026-07-16T09:29:54","67a7d0d3-9d61-4acd-8315-250cecac9790"
"2026-07-16T14:45:11","1693600032","",,"Palmas","BR","1","0.0","5","63","-1","-10.258354","-48.315834","1784081881899","2026-07-15T02:18:01","205a09b3-2e2f-4b45-86aa-4ea82a9ecd25"
"2026-07-16T14:45:11","1764118132","Av. Siqueira Campos","","Palmas","BR","2","0.0","5","327","-1","-10.294325","-48.33214","1782872110314","2026-07-01T02:15:10","2f08bda5-8a61-4942-836a-8f1ec7689705"
"2026-07-16T14:45:11","1877536028","",,"Palmas","BR","1","0.0","5","23","-1","-10.258348","-48.316227","1784194194365","2026-07-16T09:29:54","151ee59d-9fc8-4482-9e04-b365b1e458b5"
"2026-07-16T14:45:11","1693600006","Av. Siqueira Campos","","Palmas","BR","2","0.0","5","327","-1","-10.294325","-48.33214","1784081881897","2026-07-15T02:18:01","2613c8db-9637-40d4-8e38-c2092c8c0dfc"
"2026-07-16T14:45:11","1090156748","Av. Siqueira Campos","","Palmas","BR","2","0.0","5","979","-1","-10.298359","-48.32771","1783563941797","2026-07-09T02:25:41","e944a470-62d5-4656-aaf0-087383708928"
"2026-07-16T14:45:11","1851288576","",,"Palmas","BR","1","0.0","5","36","-1","-10.258352","-48.316498","1784019161779","2026-07-14T08:52:41","341a3583-4137-4e82-bfbb-a67b5e845593"
"2026-07-16T14:45:11","1694226848","",,"Palmas","BR","1","0.0","5","15","-1","-10.258365","-48.316918","1783904330428","2026-07-13T00:58:50","06d504d6-dac0-4c04-9329-7777206ab7a2"
"2026-07-16T14:45:11","223991394","",,"Palmas","BR","1","0.0","5","21","-1","-10.258363","-48.316757","1783180963404","2026-07-04T16:02:43","d984add8-2949-4ac0-81b5-2aa666f8ed15"
"2026-07-16T14:45:11","1877412378","",,"Palmas","BR","1","0.0","5","86","-1","-10.258277","-48.315151","1784194127349","2026-07-16T09:28:47","95d9d88f-a5e9-4a1f-a5e3-d31635a7afc6"
"2026-07-16T14:45:11","1697990376","Av. Siqueira Campos","","Palmas","BR","2","0.0","5","979","-1","-10.298359","-48.32771","1783909046043","2026-07-13T02:17:26","128eda9c-f215-485b-9c7c-a1544bb8c545"
"2026-07-16T14:45:11","1693573164","","","Palmas","BR","1","0.0","5","86","-1","-10.258278","-48.315151","1784081882190","2026-07-15T02:18:02","0584e645-bcd7-4670-a8e4-2c08a6763039"
"2026-07-16T14:50:26","1764083300","Av. Siqueira Campos","","Palmas","BR","2","0.0","5","155","-1","-10.292304","-48.332966","1782872109418","2026-07-01T02:15:09","78af3b54-3dea-4f10-8eb5-5fb4a34eaabb"
"2026-07-16T14:50:26","1275283552","","Av. NS-10","Palmas","BR","1","0.0","5","70","-1","-10.258317","-48.317258","1782526649111","2026-06-27T02:17:29","3c3cc392-5d12-48d2-a44d-55f1688e96a0"
"2026-07-16T14:50:26","1693600118","Av. Siqueira Campos","","Palmas","BR","2","0.0","5","155","-1","-10.292304","-48.332966","1784081883010","2026-07-15T02:18:03","af3fc386-180b-4082-a64c-64efe9627b8d"
"2026-07-16T14:50:26","1764089184","",,"Palmas","BR","1","0.0","5","45","-1","-10.25844","-48.317041","1782872178272","2026-07-01T02:16:18","972e31c2-cd12-4c0a-b3ee-1530d2e74b4f"
"2026-07-16T14:50:26","1693596122","",,"Palmas","BR","1","0.0","5","36","-1","-10.258352","-48.316498","1784081881899","2026-07-15T02:18:01","f6a9d158-cb4d-43ec-b26e-e2687cf324bf"
"2026-07-16T14:50:26","1693618776","",,"Palmas","BR","1","0.0","5","63","-1","-10.258354","-48.315834","1784081881640","2026-07-15T02:18:01","dc9d4e1f-8670-4b13-9612-de4df2989f38"
"2026-07-16T14:50:26","1211995990","",,"Palmas","BR","1","0.0","5","21","-1","-10.258363","-48.316757","1782353685339","2026-06-25T02:14:45","a82a13e5-2525-4021-aa92-7892a48c9f70"
"2026-07-16T14:50:26","1088566738","",,"Palmas","BR","1","0.0","5","41","-1","-10.258569","-48.317408","1783562302500","2026-07-09T01:58:22","9740383b-d7ef-4ff2-9da7-1b82984db198"
"2026-07-16T14:50:26","1877536026","",,"Palmas","BR","1","0.0","5","23","-1","-10.258348","-48.316227","1784194194365","2026-07-16T09:29:54","67a7d0d3-9d61-4acd-8315-250cecac9790"
"2026-07-16T14:50:26","1693600032","",,"Palmas","BR","1","0.0","5","63","-1","-10.258354","-48.315834","1784081881899","2026-07-15T02:18:01","205a09b3-2e2f-4b45-86aa-4ea82a9ecd25"
"2026-07-16T14:50:26","1764118132","Av. Siqueira Campos","","Palmas","BR","2","0.0","5","327","-1","-10.294325","-48.33214","1782872110314","2026-07-01T02:15:10","2f08bda5-8a61-4942-836a-8f1ec7689705"
"2026-07-16T14:50:26","1877536028","",,"Palmas","BR","1","0.0","5","23","-1","-10.258348","-48.316227","1784194194365","2026-07-16T09:29:54","151ee59d-9fc8-4482-9e04-b365b1e458b5"
"2026-07-16T14:50:26","1693600006","Av. Siqueira Campos","","Palmas","BR","2","0.0","5","327","-1","-10.294325","-48.33214","1784081881897","2026-07-15T02:18:01","2613c8db-9637-40d4-8e38-c2092c8c0dfc"
"2026-07-16T14:50:26","1090156748","Av. Siqueira Campos","","Palmas","BR","2","0.0","5","979","-1","-10.298359","-48.32771","1783563941797","2026-07-09T02:25:41","e944a470-62d5-4656-aaf0-087383708928"
"2026-07-16T14:50:26","1851288576","",,"Palmas","BR","1","0.0","5","36","-1","-10.258352","-48.316498","1784019161779","2026-07-14T08:52:41","341a3583-4137-4e82-bfbb-a67b5e845593"
"2026-07-16T14:50:26","223991394","",,"Palmas","BR","1","0.0","5","21","-1","-10.258363","-48.316757","1783180963404","2026-07-04T16:02:43","d984add8-2949-4ac0-81b5-2aa666f8ed15"
"2026-07-16T14:50:26","1694226848","",,"Palmas","BR","1","0.0","5","15","-1","-10.258365","-48.316918","1783904330428","2026-07-13T00:58:50","06d504d6-dac0-4c04-9329-7777206ab7a2"
"2026-07-16T14:50:26","1877412378","",,"Palmas","BR","1","0.0","5","86","-1","-10.258277","-48.315151","1784194127349","2026-07-16T09:28:47","95d9d88f-a5e9-4a1f-a5e3-d31635a7afc6"
"2026-07-16T14:50:26","1693573164","","","Palmas","BR","1","0.0","5","86","-1","-10.258278","-48.315151","1784081882190","2026-07-15T02:18:02","0584e645-bcd7-4670-a8e4-2c08a6763039"
"2026-07-16T14:50:26","1697990376","Av. Siqueira Campos","","Palmas","BR","2","0.0","5","979","-1","-10.298359","-48.32771","1783909046043","2026-07-13T02:17:26","128eda9c-f215-485b-9c7c-a1544bb8c545"
"2026-07-16T14:50:26","79104296","R. 9","Av. F","Palmas","BR","1","4.03","4","152","116","-10.295791","-48.300505","1784224008761","2026-07-16T17:46:48",
"2026-07-16T14:55:12","1764083300","Av. Siqueira Campos","","Palmas","BR","2","0.0","5","155","-1","-10.292304","-48.332966","1782872109418","2026-07-01T02:15:09","78af3b54-3dea-4f10-8eb5-5fb4a34eaabb"
"2026-07-16T14:55:12","1275283552","","Av. NS-10","Palmas","BR","1","0.0","5","70","-1","-10.258317","-48.317258","1782526649111","2026-06-27T02:17:29","3c3cc392-5d12-48d2-a44d-55f1688e96a0"
"2026-07-16T14:55:12","79870598","Av. LO-27","Al. Jandaia","Palmas","BR","2","4.29","4","159","118","-10.255398","-48.314188","1784224302793","2026-07-16T17:51:42",
"2026-07-16T14:55:12","1693600118","Av. Siqueira Campos","","Palmas","BR","2","0.0","5","155","-1","-10.292304","-48.332966","1784081883010","2026-07-15T02:18:03","af3fc386-180b-4082-a64c-64efe9627b8d"
"2026-07-16T14:55:12","1764089184","",,"Palmas","BR","1","0.0","5","45","-1","-10.25844","-48.317041","1782872178272","2026-07-01T02:16:18","972e31c2-cd12-4c0a-b3ee-1530d2e74b4f"
"2026-07-16T14:55:12","1693596122","",,"Palmas","BR","1","0.0","5","36","-1","-10.258352","-48.316498","1784081881899","2026-07-15T02:18:01","f6a9d158-cb4d-43ec-b26e-e2687cf324bf"
"2026-07-16T14:55:12","1693618776","",,"Palmas","BR","1","0.0","5","63","-1","-10.258354","-48.315834","1784081881640","2026-07-15T02:18:01","dc9d4e1f-8670-4b13-9612-de4df2989f38"
"2026-07-16T14:55:12","1211995990","",,"Palmas","BR","1","0.0","5","21","-1","-10.258363","-48.316757","1782353685339","2026-06-25T02:14:45","a82a13e5-2525-4021-aa92-7892a48c9f70"
"2026-07-16T14:55:12","80295652","ACSU-SO 20 Rua NS-A","Av. LO-3","Palmas","BR","1","4.02","4","384","288","-10.194433","-48.334914","1784224521928","2026-07-16T17:55:21",
"2026-07-16T14:55:12","79904972","Av. L","Av. E","Palmas","BR","2","12.58","2","473","71","-10.30286","-48.319672","1784224375050","2026-07-16T17:52:55",
"2026-07-16T14:55:12","1088566738","",,"Palmas","BR","1","0.0","5","41","-1","-10.258569","-48.317408","1783562302500","2026-07-09T01:58:22","9740383b-d7ef-4ff2-9da7-1b82984db198"
"2026-07-16T14:55:12","1877536026","",,"Palmas","BR","1","0.0","5","23","-1","-10.258348","-48.316227","1784194194365","2026-07-16T09:29:54","67a7d0d3-9d61-4acd-8315-250cecac9790"
"2026-07-16T14:55:12","1764118132","Av. Siqueira Campos","","Palmas","BR","2","0.0","5","327","-1","-10.294325","-48.33214","1782872110314","2026-07-01T02:15:10","2f08bda5-8a61-4942-836a-8f1ec7689705"
"2026-07-16T14:55:12","1693600032","",,"Palmas","BR","1","0.0","5","63","-1","-10.258354","-48.315834","1784081881899","2026-07-15T02:18:01","205a09b3-2e2f-4b45-86aa-4ea82a9ecd25"
"2026-07-16T14:55:12","1877536028","",,"Palmas","BR","1","0.0","5","23","-1","-10.258348","-48.316227","1784194194365","2026-07-16T09:29:54","151ee59d-9fc8-4482-9e04-b365b1e458b5"
"2026-07-16T14:55:12","1693600006","Av. Siqueira Campos","","Palmas","BR","2","0.0","5","327","-1","-10.294325","-48.33214","1784081881897","2026-07-15T02:18:01","2613c8db-9637-40d4-8e38-c2092c8c0dfc"
"2026-07-16T14:55:12","1090156748","Av. Siqueira Campos","","Palmas","BR","2","0.0","5","979","-1","-10.298359","-48.32771","1783563941797","2026-07-09T02:25:41","e944a470-62d5-4656-aaf0-087383708928"
"2026-07-16T14:55:12","1851288576","",,"Palmas","BR","1","0.0","5","36","-1","-10.258352","-48.316498","1784019161779","2026-07-14T08:52:41","341a3583-4137-4e82-bfbb-a67b5e845593"
"2026-07-16T14:55:12","1694226848","",,"Palmas","BR","1","0.0","5","15","-1","-10.258365","-48.316918","1783904330428","2026-07-13T00:58:50","06d504d6-dac0-4c04-9329-7777206ab7a2"
"2026-07-16T14:55:12","223991394","",,"Palmas","BR","1","0.0","5","21","-1","-10.258363","-48.316757","1783180963404","2026-07-04T16:02:43","d984add8-2949-4ac0-81b5-2aa666f8ed15"
"2026-07-16T14:55:12","1877412378","",,"Palmas","BR","1","0.0","5","86","-1","-10.258277","-48.315151","1784194127349","2026-07-16T09:28:47","95d9d88f-a5e9-4a1f-a5e3-d31635a7afc6"
"2026-07-16T14:55:12","1693573164","","","Palmas","BR","1","0.0","5","86","-1","-10.258278","-48.315151","1784081882190","2026-07-15T02:18:02","0584e645-bcd7-4670-a8e4-2c08a6763039"
"2026-07-16T14:55:12","1697990376","Av. Siqueira Campos","","Palmas","BR","2","0.0","5","979","-1","-10.298359","-48.32771","1783909046043","2026-07-13T02:17:26","128eda9c-f215-485b-9c7c-a1544bb8c545"
"2026-07-16T15:00:12","1764083300","Av. Siqueira Campos","","Palmas","BR","2","0.0","5","155","-1","-10.292304","-48.332966","1782872109418","2026-07-01T02:15:09","78af3b54-3dea-4f10-8eb5-5fb4a34eaabb"
"2026-07-16T15:00:12","1275283552","","Av. NS-10","Palmas","BR","1","0.0","5","70","-1","-10.258317","-48.317258","1782526649111","2026-06-27T02:17:29","3c3cc392-5d12-48d2-a44d-55f1688e96a0"
"2026-07-16T15:00:12","1693600118","Av. Siqueira Campos","","Palmas","BR","2","0.0","5","155","-1","-10.292304","-48.332966","1784081883010","2026-07-15T02:18:03","af3fc386-180b-4082-a64c-64efe9627b8d"
"2026-07-16T15:00:12","1764089184","",,"Palmas","BR","1","0.0","5","45","-1","-10.25844","-48.317041","1782872178272","2026-07-01T02:16:18","972e31c2-cd12-4c0a-b3ee-1530d2e74b4f"
"2026-07-16T15:00:12","1693596122","",,"Palmas","BR","1","0.0","5","36","-1","-10.258352","-48.316498","1784081881899","2026-07-15T02:18:01","f6a9d158-cb4d-43ec-b26e-e2687cf324bf"
"2026-07-16T15:00:12","1693618776","",,"Palmas","BR","1","0.0","5","63","-1","-10.258354","-48.315834","1784081881640","2026-07-15T02:18:01","dc9d4e1f-8670-4b13-9612-de4df2989f38"
"2026-07-16T15:00:12","1211995990","",,"Palmas","BR","1","0.0","5","21","-1","-10.258363","-48.316757","1782353685339","2026-06-25T02:14:45","a82a13e5-2525-4021-aa92-7892a48c9f70"
"2026-07-16T15:00:12","79904972","Av. L","Av. E","Palmas","BR","2","12.88","2","473","68","-10.30286","-48.319672","1784224375050","2026-07-16T17:52:55",
"2026-07-16T15:00:12","1088566738","",,"Palmas","BR","1","0.0","5","41","-1","-10.258569","-48.317408","1783562302500","2026-07-09T01:58:22","9740383b-d7ef-4ff2-9da7-1b82984db198"
"2026-07-16T15:00:12","1693600032","",,"Palmas","BR","1","0.0","5","63","-1","-10.258354","-48.315834","1784081881899","2026-07-15T02:18:01","205a09b3-2e2f-4b45-86aa-4ea82a9ecd25"
"2026-07-16T15:00:12","1764118132","Av. Siqueira Campos","","Palmas","BR","2","0.0","5","327","-1","-10.294325","-48.33214","1782872110314","2026-07-01T02:15:10","2f08bda5-8a61-4942-836a-8f1ec7689705"
"2026-07-16T15:00:12","1877536026","",,"Palmas","BR","1","0.0","5","23","-1","-10.258348","-48.316227","1784194194365","2026-07-16T09:29:54","67a7d0d3-9d61-4acd-8315-250cecac9790"
"2026-07-16T15:00:12","80876710","ARSE 21 Al. 1 Jandaiá","ARSE 21 Al. 9 Rouxinol","Palmas","BR","1","4.51","4","181","243","-10.193793","-48.327448","1784224813554","2026-07-16T18:00:13",
"2026-07-16T15:00:12","1693600006","Av. Siqueira Campos","","Palmas","BR","2","0.0","5","327","-1","-10.294325","-48.33214","1784081881897","2026-07-15T02:18:01","2613c8db-9637-40d4-8e38-c2092c8c0dfc"
"2026-07-16T15:00:12","1877536028","",,"Palmas","BR","1","0.0","5","23","-1","-10.258348","-48.316227","1784194194365","2026-07-16T09:29:54","151ee59d-9fc8-4482-9e04-b365b1e458b5"
"2026-07-16T15:00:12","1090156748","Av. Siqueira Campos","","Palmas","BR","2","0.0","5","979","-1","-10.298359","-48.32771","1783563941797","2026-07-09T02:25:41","e944a470-62d5-4656-aaf0-087383708928"
"2026-07-16T15:00:12","1851288576","",,"Palmas","BR","1","0.0","5","36","-1","-10.258352","-48.316498","1784019161779","2026-07-14T08:52:41","341a3583-4137-4e82-bfbb-a67b5e845593"
"2026-07-16T15:00:12","223991394","",,"Palmas","BR","1","0.0","5","21","-1","-10.258363","-48.316757","1783180963404","2026-07-04T16:02:43","d984add8-2949-4ac0-81b5-2aa666f8ed15"
"2026-07-16T15:00:12","1694226848","",,"Palmas","BR","1","0.0","5","15","-1","-10.258365","-48.316918","1783904330428","2026-07-13T00:58:50","06d504d6-dac0-4c04-9329-7777206ab7a2"
"2026-07-16T15:00:12","1697990376","Av. Siqueira Campos","","Palmas","BR","2","0.0","5","979","-1","-10.298359","-48.32771","1783909046043","2026-07-13T02:17:26","128eda9c-f215-485b-9c7c-a1544bb8c545"
"2026-07-16T15:00:12","1877412378","",,"Palmas","BR","1","0.0","5","86","-1","-10.258277","-48.315151","1784194127349","2026-07-16T09:28:47","95d9d88f-a5e9-4a1f-a5e3-d31635a7afc6"
"2026-07-16T15:00:12","1693573164","","","Palmas","BR","1","0.0","5","86","-1","-10.258278","-48.315151","1784081882190","2026-07-15T02:18:02","0584e645-bcd7-4670-a8e4-2c08a6763039"
"2026-07-16T15:05:14","1764083300","Av. Siqueira Campos","","Palmas","BR","2","0.0","5","155","-1","-10.292304","-48.332966","1782872109418","2026-07-01T02:15:09","78af3b54-3dea-4f10-8eb5-5fb4a34eaabb"
"2026-07-16T15:05:14","1275283552","","Av. NS-10","Palmas","BR","1","0.0","5","70","-1","-10.258317","-48.317258","1782526649111","2026-06-27T02:17:29","3c3cc392-5d12-48d2-a44d-55f1688e96a0"
"2026-07-16T15:05:14","1693600118","Av. Siqueira Campos","","Palmas","BR","2","0.0","5","155","-1","-10.292304","-48.332966","1784081883010","2026-07-15T02:18:03","af3fc386-180b-4082-a64c-64efe9627b8d"
"2026-07-16T15:05:14","1764089184","",,"Palmas","BR","1","0.0","5","45","-1","-10.25844","-48.317041","1782872178272","2026-07-01T02:16:18","972e31c2-cd12-4c0a-b3ee-1530d2e74b4f"
"2026-07-16T15:05:14","1693596122","",,"Palmas","BR","1","0.0","5","36","-1","-10.258352","-48.316498","1784081881899","2026-07-15T02:18:01","f6a9d158-cb4d-43ec-b26e-e2687cf324bf"
"2026-07-16T15:05:14","1693618776","",,"Palmas","BR","1","0.0","5","63","-1","-10.258354","-48.315834","1784081881640","2026-07-15T02:18:01","dc9d4e1f-8670-4b13-9612-de4df2989f38"
"2026-07-16T15:05:14","1211995990","",,"Palmas","BR","1","0.0","5","21","-1","-10.258363","-48.316757","1782353685339","2026-06-25T02:14:45","a82a13e5-2525-4021-aa92-7892a48c9f70"
"2026-07-16T15:05:14","81476406","Av. TLO-3","","Palmas","BR","2","15.36","3","622","97","-10.340223","-48.33456","1784225106001","2026-07-16T18:05:06",
"2026-07-16T15:05:14","81397716","BR-010","","Palmas","BR","6","20.02","2","687","64","-10.332036","-48.298414","1784225105217","2026-07-16T18:05:05",
"2026-07-16T15:05:14","1088566738","",,"Palmas","BR","1","0.0","5","41","-1","-10.258569","-48.317408","1783562302500","2026-07-09T01:58:22","9740383b-d7ef-4ff2-9da7-1b82984db198"
"2026-07-16T15:05:14","1877536026","",,"Palmas","BR","1","0.0","5","23","-1","-10.258348","-48.316227","1784194194365","2026-07-16T09:29:54","67a7d0d3-9d61-4acd-8315-250cecac9790"
"2026-07-16T15:05:14","1693600032","",,"Palmas","BR","1","0.0","5","63","-1","-10.258354","-48.315834","1784081881899","2026-07-15T02:18:01","205a09b3-2e2f-4b45-86aa-4ea82a9ecd25"
"2026-07-16T15:05:14","1764118132","Av. Siqueira Campos","","Palmas","BR","2","0.0","5","327","-1","-10.294325","-48.33214","1782872110314","2026-07-01T02:15:10","2f08bda5-8a61-4942-836a-8f1ec7689705"
"2026-07-16T15:05:14","1877536028","",,"Palmas","BR","1","0.0","5","23","-1","-10.258348","-48.316227","1784194194365","2026-07-16T09:29:54","151ee59d-9fc8-4482-9e04-b365b1e458b5"
"2026-07-16T15:05:14","1693600006","Av. Siqueira Campos","","Palmas","BR","2","0.0","5","327","-1","-10.294325","-48.33214","1784081881897","2026-07-15T02:18:01","2613c8db-9637-40d4-8e38-c2092c8c0dfc"
"2026-07-16T15:05:14","1090156748","Av. Siqueira Campos","","Palmas","BR","2","0.0","5","979","-1","-10.298359","-48.32771","1783563941797","2026-07-09T02:25:41","e944a470-62d5-4656-aaf0-087383708928"
"2026-07-16T15:05:14","1851288576","",,"Palmas","BR","1","0.0","5","36","-1","-10.258352","-48.316498","1784019161779","2026-07-14T08:52:41","341a3583-4137-4e82-bfbb-a67b5e845593"
"2026-07-16T15:05:14","1694226848","",,"Palmas","BR","1","0.0","5","15","-1","-10.258365","-48.316918","1783904330428","2026-07-13T00:58:50","06d504d6-dac0-4c04-9329-7777206ab7a2"
"2026-07-16T15:05:14","223991394","",,"Palmas","BR","1","0.0","5","21","-1","-10.258363","-48.316757","1783180963404","2026-07-04T16:02:43","d984add8-2949-4ac0-81b5-2aa666f8ed15"
"2026-07-16T15:05:14","80821708","TO-010","Av. NS 15","Palmas","BR","7","43.92","2","1868","77","-10.146425","-48.302015","1784224812910","2026-07-16T18:00:12",
"2026-07-16T15:05:14","1877412378","",,"Palmas","BR","1","0.0","5","86","-1","-10.258277","-48.315151","1784194127349","2026-07-16T09:28:47","95d9d88f-a5e9-4a1f-a5e3-d31635a7afc6"
"2026-07-16T15:05:14","1697990376","Av. Siqueira Campos","","Palmas","BR","2","0.0","5","979","-1","-10.298359","-48.32771","1783909046043","2026-07-13T02:17:26","128eda9c-f215-485b-9c7c-a1544bb8c545"
"2026-07-16T15:05:14","1693573164","","","Palmas","BR","1","0.0","5","86","-1","-10.258278","-48.315151","1784081882190","2026-07-15T02:18:02","0584e645-bcd7-4670-a8e4-2c08a6763039"
"2026-07-16T15:10:10","1764083300","Av. Siqueira Campos","","Palmas","BR","2","0.0","5","155","-1","-10.292304","-48.332966","1782872109418","2026-07-01T02:15:09","78af3b54-3dea-4f10-8eb5-5fb4a34eaabb"
"2026-07-16T15:10:10","1275283552","","Av. NS-10","Palmas","BR","1","0.0","5","70","-1","-10.258317","-48.317258","1782526649111","2026-06-27T02:17:29","3c3cc392-5d12-48d2-a44d-55f1688e96a0"
"2026-07-16T15:10:10","1693600118","Av. Siqueira Campos","","Palmas","BR","2","0.0","5","155","-1","-10.292304","-48.332966","1784081883010","2026-07-15T02:18:03","af3fc386-180b-4082-a64c-64efe9627b8d"
"2026-07-16T15:10:10","1764089184","",,"Palmas","BR","1","0.0","5","45","-1","-10.25844","-48.317041","1782872178272","2026-07-01T02:16:18","972e31c2-cd12-4c0a-b3ee-1530d2e74b4f"
"2026-07-16T15:10:10","1693596122","",,"Palmas","BR","1","0.0","5","36","-1","-10.258352","-48.316498","1784081881899","2026-07-15T02:18:01","f6a9d158-cb4d-43ec-b26e-e2687cf324bf"
"2026-07-16T15:10:10","1693618776","",,"Palmas","BR","1","0.0","5","63","-1","-10.258354","-48.315834","1784081881640","2026-07-15T02:18:01","dc9d4e1f-8670-4b13-9612-de4df2989f38"
"2026-07-16T15:10:10","1211995990","",,"Palmas","BR","1","0.0","5","21","-1","-10.258363","-48.316757","1782353685339","2026-06-25T02:14:45","a82a13e5-2525-4021-aa92-7892a48c9f70"
"2026-07-16T15:10:10","81908396","TO-030","Taquarussu do Porto (Palmas)","Taquarussu do Porto (Palmas)","BR","7","22.26","2","1491","172","-10.305017","-48.142667","1784225326473","2026-07-16T18:08:46",
"2026-07-16T15:10:10","81476406","Av. TLO-3","","Palmas","BR","2","15.78","3","622","94","-10.340223","-48.33456","1784225106001","2026-07-16T18:05:06",
"2026-07-16T15:10:10","1088566738","",,"Palmas","BR","1","0.0","5","41","-1","-10.258569","-48.317408","1783562302500","2026-07-09T01:58:22","9740383b-d7ef-4ff2-9da7-1b82984db198"
"2026-07-16T15:10:10","1877536026","",,"Palmas","BR","1","0.0","5","23","-1","-10.258348","-48.316227","1784194194365","2026-07-16T09:29:54","67a7d0d3-9d61-4acd-8315-250cecac9790"
"2026-07-16T15:10:10","1693600032","",,"Palmas","BR","1","0.0","5","63","-1","-10.258354","-48.315834","1784081881899","2026-07-15T02:18:01","205a09b3-2e2f-4b45-86aa-4ea82a9ecd25"
"2026-07-16T15:10:10","1764118132","Av. Siqueira Campos","","Palmas","BR","2","0.0","5","327","-1","-10.294325","-48.33214","1782872110314","2026-07-01T02:15:10","2f08bda5-8a61-4942-836a-8f1ec7689705"
"2026-07-16T15:10:10","1877536028","",,"Palmas","BR","1","0.0","5","23","-1","-10.258348","-48.316227","1784194194365","2026-07-16T09:29:54","151ee59d-9fc8-4482-9e04-b365b1e458b5"
"2026-07-16T15:10:10","1693600006","Av. Siqueira Campos","","Palmas","BR","2","0.0","5","327","-1","-10.294325","-48.33214","1784081881897","2026-07-15T02:18:01","2613c8db-9637-40d4-8e38-c2092c8c0dfc"
"2026-07-16T15:10:10","1090156748","Av. Siqueira Campos","","Palmas","BR","2","0.0","5","979","-1","-10.298359","-48.32771","1783563941797","2026-07-09T02:25:41","e944a470-62d5-4656-aaf0-087383708928"
"2026-07-16T15:10:10","1851288576","",,"Palmas","BR","1","0.0","5","36","-1","-10.258352","-48.316498","1784019161779","2026-07-14T08:52:41","341a3583-4137-4e82-bfbb-a67b5e845593"
"2026-07-16T15:10:10","1694226848","",,"Palmas","BR","1","0.0","5","15","-1","-10.258365","-48.316918","1783904330428","2026-07-13T00:58:50","06d504d6-dac0-4c04-9329-7777206ab7a2"
"2026-07-16T15:10:10","223991394","",,"Palmas","BR","1","0.0","5","21","-1","-10.258363","-48.316757","1783180963404","2026-07-04T16:02:43","d984add8-2949-4ac0-81b5-2aa666f8ed15"
"2026-07-16T15:10:10","80821708","TO-010","Av. NS 15","Palmas","BR","7","47.93","1","1868","64","-10.146425","-48.302015","1784224812910","2026-07-16T18:00:12",
"2026-07-16T15:10:10","1877412378","",,"Palmas","BR","1","0.0","5","86","-1","-10.258277","-48.315151","1784194127349","2026-07-16T09:28:47","95d9d88f-a5e9-4a1f-a5e3-d31635a7afc6"
"2026-07-16T15:10:10","1693573164","","","Palmas","BR","1","0.0","5","86","-1","-10.258278","-48.315151","1784081882190","2026-07-15T02:18:02","0584e645-bcd7-4670-a8e4-2c08a6763039"
"2026-07-16T15:10:10","1697990376","Av. Siqueira Campos","","Palmas","BR","2","0.0","5","979","-1","-10.298359","-48.32771","1783909046043","2026-07-13T02:17:26","128eda9c-f215-485b-9c7c-a1544bb8c545"
"2026-07-16T15:15:11","1764083300","Av. Siqueira Campos","","Palmas","BR","2","0.0","5","155","-1","-10.292304","-48.332966","1782872109418","2026-07-01T02:15:09","78af3b54-3dea-4f10-8eb5-5fb4a34eaabb"
"2026-07-16T15:15:11","1275283552","","Av. NS-10","Palmas","BR","1","0.0","5","70","-1","-10.258317","-48.317258","1782526649111","2026-06-27T02:17:29","3c3cc392-5d12-48d2-a44d-55f1688e96a0"
"2026-07-16T15:15:11","1693600118","Av. Siqueira Campos","","Palmas","BR","2","0.0","5","155","-1","-10.292304","-48.332966","1784081883010","2026-07-15T02:18:03","af3fc386-180b-4082-a64c-64efe9627b8d"
"2026-07-16T15:15:11","1764089184","",,"Palmas","BR","1","0.0","5","45","-1","-10.25844","-48.317041","1782872178272","2026-07-01T02:16:18","972e31c2-cd12-4c0a-b3ee-1530d2e74b4f"
"2026-07-16T15:15:11","1693596122","",,"Palmas","BR","1","0.0","5","36","-1","-10.258352","-48.316498","1784081881899","2026-07-15T02:18:01","f6a9d158-cb4d-43ec-b26e-e2687cf324bf"
"2026-07-16T15:15:11","1693618776","",,"Palmas","BR","1","0.0","5","63","-1","-10.258354","-48.315834","1784081881640","2026-07-15T02:18:01","dc9d4e1f-8670-4b13-9612-de4df2989f38"
"2026-07-16T15:15:11","1211995990","",,"Palmas","BR","1","0.0","5","21","-1","-10.258363","-48.316757","1782353685339","2026-06-25T02:14:45","a82a13e5-2525-4021-aa92-7892a48c9f70"
"2026-07-16T15:15:11","81908396","TO-030","Taquarussu do Porto (Palmas)","Taquarussu do Porto (Palmas)","BR","7","22.56","2","1491","166","-10.305017","-48.142667","1784225326473","2026-07-16T18:08:46",
"2026-07-16T15:15:11","1088566738","",,"Palmas","BR","1","0.0","5","41","-1","-10.258569","-48.317408","1783562302500","2026-07-09T01:58:22","9740383b-d7ef-4ff2-9da7-1b82984db198"
"2026-07-16T15:15:11","1877536026","",,"Palmas","BR","1","0.0","5","23","-1","-10.258348","-48.316227","1784194194365","2026-07-16T09:29:54","67a7d0d3-9d61-4acd-8315-250cecac9790"
"2026-07-16T15:15:11","1693600032","",,"Palmas","BR","1","0.0","5","63","-1","-10.258354","-48.315834","1784081881899","2026-07-15T02:18:01","205a09b3-2e2f-4b45-86aa-4ea82a9ecd25"
"2026-07-16T15:15:11","1764118132","Av. Siqueira Campos","","Palmas","BR","2","0.0","5","327","-1","-10.294325","-48.33214","1782872110314","2026-07-01T02:15:10","2f08bda5-8a61-4942-836a-8f1ec7689705"
"2026-07-16T15:15:11","1877536028","",,"Palmas","BR","1","0.0","5","23","-1","-10.258348","-48.316227","1784194194365","2026-07-16T09:29:54","151ee59d-9fc8-4482-9e04-b365b1e458b5"
"2026-07-16T15:15:11","1693600006","Av. Siqueira Campos","","Palmas","BR","2","0.0","5","327","-1","-10.294325","-48.33214","1784081881897","2026-07-15T02:18:01","2613c8db-9637-40d4-8e38-c2092c8c0dfc"
"2026-07-16T15:15:11","1090156748","Av. Siqueira Campos","","Palmas","BR","2","0.0","5","979","-1","-10.298359","-48.32771","1783563941797","2026-07-09T02:25:41","e944a470-62d5-4656-aaf0-087383708928"
"2026-07-16T15:15:11","82605268","R. 40","Av. H","Palmas","BR","1","9.06","3","451","97","-10.31723","-48.314919","1784225693490","2026-07-16T18:14:53",
"2026-07-16T15:15:11","1851288576","",,"Palmas","BR","1","0.0","5","36","-1","-10.258352","-48.316498","1784019161779","2026-07-14T08:52:41","341a3583-4137-4e82-bfbb-a67b5e845593"
"2026-07-16T15:15:11","82474672","ACSE 1 Rua SE-1","Av. NS-2","Palmas","BR","1","11.74","3","397","82","-10.185596","-48.327865","1784225546139","2026-07-16T18:12:26",
"2026-07-16T15:15:11","223991394","",,"Palmas","BR","1","0.0","5","21","-1","-10.258363","-48.316757","1783180963404","2026-07-04T16:02:43","d984add8-2949-4ac0-81b5-2aa666f8ed15"
"2026-07-16T15:15:11","1694226848","",,"Palmas","BR","1","0.0","5","15","-1","-10.258365","-48.316918","1783904330428","2026-07-13T00:58:50","06d504d6-dac0-4c04-9329-7777206ab7a2"
"2026-07-16T15:15:11","1877412378","",,"Palmas","BR","1","0.0","5","86","-1","-10.258277","-48.315151","1784194127349","2026-07-16T09:28:47","95d9d88f-a5e9-4a1f-a5e3-d31635a7afc6"
"2026-07-16T15:15:11","1697990376","Av. Siqueira Campos","","Palmas","BR","2","0.0","5","979","-1","-10.298359","-48.32771","1783909046043","2026-07-13T02:17:26","128eda9c-f215-485b-9c7c-a1544bb8c545"
"2026-07-16T15:15:11","1693573164","","","Palmas","BR","1","0.0","5","86","-1","-10.258278","-48.315151","1784081882190","2026-07-15T02:18:02","0584e645-bcd7-4670-a8e4-2c08a6763039"
"2026-07-16T15:20:11","83074386","ARNE 12 Al. 9",,"Palmas","BR","1","4.93","2","187","73","-10.180612","-48.323262","1784225840603","2026-07-16T18:17:20",
"2026-07-16T15:20:11","1764083300","Av. Siqueira Campos","","Palmas","BR","2","0.0","5","155","-1","-10.292304","-48.332966","1782872109418","2026-07-01T02:15:09","78af3b54-3dea-4f10-8eb5-5fb4a34eaabb"
"2026-07-16T15:20:11","1275283552","","Av. NS-10","Palmas","BR","1","0.0","5","70","-1","-10.258317","-48.317258","1782526649111","2026-06-27T02:17:29","3c3cc392-5d12-48d2-a44d-55f1688e96a0"
"2026-07-16T15:20:11","1693600118","Av. Siqueira Campos","","Palmas","BR","2","0.0","5","155","-1","-10.292304","-48.332966","1784081883010","2026-07-15T02:18:03","af3fc386-180b-4082-a64c-64efe9627b8d"
"2026-07-16T15:20:11","1764089184","",,"Palmas","BR","1","0.0","5","45","-1","-10.25844","-48.317041","1782872178272","2026-07-01T02:16:18","972e31c2-cd12-4c0a-b3ee-1530d2e74b4f"
"2026-07-16T15:20:11","1693596122","",,"Palmas","BR","1","0.0","5","36","-1","-10.258352","-48.316498","1784081881899","2026-07-15T02:18:01","f6a9d158-cb4d-43ec-b26e-e2687cf324bf"
"2026-07-16T15:20:11","83307454","ARNE 12 Al. 17","ARNE 12 Al. 18","Palmas","BR","1","9.98","2","384","74","-10.183298","-48.321774","1784225985207","2026-07-16T18:19:45",
"2026-07-16T15:20:11","1693618776","",,"Palmas","BR","1","0.0","5","63","-1","-10.258354","-48.315834","1784081881640","2026-07-15T02:18:01","dc9d4e1f-8670-4b13-9612-de4df2989f38"
"2026-07-16T15:20:11","1211995990","",,"Palmas","BR","1","0.0","5","21","-1","-10.258363","-48.316757","1782353685339","2026-06-25T02:14:45","a82a13e5-2525-4021-aa92-7892a48c9f70"
"2026-07-16T15:20:11","1088566738","",,"Palmas","BR","1","0.0","5","41","-1","-10.258569","-48.317408","1783562302500","2026-07-09T01:58:22","9740383b-d7ef-4ff2-9da7-1b82984db198"
"2026-07-16T15:20:11","1877536026","",,"Palmas","BR","1","0.0","5","23","-1","-10.258348","-48.316227","1784194194365","2026-07-16T09:29:54","67a7d0d3-9d61-4acd-8315-250cecac9790"
"2026-07-16T15:20:11","1693600032","",,"Palmas","BR","1","0.0","5","63","-1","-10.258354","-48.315834","1784081881899","2026-07-15T02:18:01","205a09b3-2e2f-4b45-86aa-4ea82a9ecd25"
"2026-07-16T15:20:11","1764118132","Av. Siqueira Campos","","Palmas","BR","2","0.0","5","327","-1","-10.294325","-48.33214","1782872110314","2026-07-01T02:15:10","2f08bda5-8a61-4942-836a-8f1ec7689705"
"2026-07-16T15:20:11","1877536028","",,"Palmas","BR","1","0.0","5","23","-1","-10.258348","-48.316227","1784194194365","2026-07-16T09:29:54","151ee59d-9fc8-4482-9e04-b365b1e458b5"
"2026-07-16T15:20:11","1693600006","Av. Siqueira Campos","","Palmas","BR","2","0.0","5","327","-1","-10.294325","-48.33214","1784081881897","2026-07-15T02:18:01","2613c8db-9637-40d4-8e38-c2092c8c0dfc"
"2026-07-16T15:20:11","1090156748","Av. Siqueira Campos","","Palmas","BR","2","0.0","5","979","-1","-10.298359","-48.32771","1783563941797","2026-07-09T02:25:41","e944a470-62d5-4656-aaf0-087383708928"
"2026-07-16T15:20:11","82605268","R. 40","Av. H","Palmas","BR","1","9.2","3","451","95","-10.31723","-48.314919","1784225693490","2026-07-16T18:14:53",
"2026-07-16T15:20:11","1851288576","",,"Palmas","BR","1","0.0","5","36","-1","-10.258352","-48.316498","1784019161779","2026-07-14T08:52:41","341a3583-4137-4e82-bfbb-a67b5e845593"
"2026-07-16T15:20:11","223991394","",,"Palmas","BR","1","0.0","5","21","-1","-10.258363","-48.316757","1783180963404","2026-07-04T16:02:43","d984add8-2949-4ac0-81b5-2aa666f8ed15"
"2026-07-16T15:20:11","1694226848","",,"Palmas","BR","1","0.0","5","15","-1","-10.258365","-48.316918","1783904330428","2026-07-13T00:58:50","06d504d6-dac0-4c04-9329-7777206ab7a2"
"2026-07-16T15:20:11","1877412378","",,"Palmas","BR","1","0.0","5","86","-1","-10.258277","-48.315151","1784194127349","2026-07-16T09:28:47","95d9d88f-a5e9-4a1f-a5e3-d31635a7afc6"
"2026-07-16T15:20:11","1697990376","Av. Siqueira Campos","","Palmas","BR","2","0.0","5","979","-1","-10.298359","-48.32771","1783909046043","2026-07-13T02:17:26","128eda9c-f215-485b-9c7c-a1544bb8c545"
"2026-07-16T15:20:11","1693573164","","","Palmas","BR","1","0.0","5","86","-1","-10.258278","-48.315151","1784081882190","2026-07-15T02:18:02","0584e645-bcd7-4670-a8e4-2c08a6763039"
"2026-07-16T15:25:12","1764083300","Av. Siqueira Campos","","Palmas","BR","2","0.0","5","155","-1","-10.292304","-48.332966","1782872109418","2026-07-01T02:15:09","78af3b54-3dea-4f10-8eb5-5fb4a34eaabb"
"2026-07-16T15:25:12","1275283552","","Av. NS-10","Palmas","BR","1","0.0","5","70","-1","-10.258317","-48.317258","1782526649111","2026-06-27T02:17:29","3c3cc392-5d12-48d2-a44d-55f1688e96a0"
"2026-07-16T15:25:12","1693600118","Av. Siqueira Campos","","Palmas","BR","2","0.0","5","155","-1","-10.292304","-48.332966","1784081883010","2026-07-15T02:18:03","af3fc386-180b-4082-a64c-64efe9627b8d"
"2026-07-16T15:25:12","1764089184","",,"Palmas","BR","1","0.0","5","45","-1","-10.25844","-48.317041","1782872178272","2026-07-01T02:16:18","972e31c2-cd12-4c0a-b3ee-1530d2e74b4f"
"2026-07-16T15:25:12","83723576","ASR-SE 15 Av. SR-2","","Palmas","BR","2","11.73","3","442","99","-10.190396","-48.304394","1784226206438","2026-07-16T18:23:26",
"2026-07-16T15:25:12","1693596122","",,"Palmas","BR","1","0.0","5","36","-1","-10.258352","-48.316498","1784081881899","2026-07-15T02:18:01","f6a9d158-cb4d-43ec-b26e-e2687cf324bf"
"2026-07-16T15:25:12","1693618776","",,"Palmas","BR","1","0.0","5","63","-1","-10.258354","-48.315834","1784081881640","2026-07-15T02:18:01","dc9d4e1f-8670-4b13-9612-de4df2989f38"
"2026-07-16T15:25:12","1211995990","",,"Palmas","BR","1","0.0","5","21","-1","-10.258363","-48.316757","1782353685339","2026-06-25T02:14:45","a82a13e5-2525-4021-aa92-7892a48c9f70"
"2026-07-16T15:25:12","83589972","ASR-SE 65 Al. 2","ASR-SE 65 Al. 3","Palmas","BR","1","4.95","3","211","115","-10.220019","-48.315954","1784226206137","2026-07-16T18:23:26",
"2026-07-16T15:25:12","1088566738","",,"Palmas","BR","1","0.0","5","41","-1","-10.258569","-48.317408","1783562302500","2026-07-09T01:58:22","9740383b-d7ef-4ff2-9da7-1b82984db198"
"2026-07-16T15:25:12","1693600032","",,"Palmas","BR","1","0.0","5","63","-1","-10.258354","-48.315834","1784081881899","2026-07-15T02:18:01","205a09b3-2e2f-4b45-86aa-4ea82a9ecd25"
"2026-07-16T15:25:12","1764118132","Av. Siqueira Campos","","Palmas","BR","2","0.0","5","327","-1","-10.294325","-48.33214","1782872110314","2026-07-01T02:15:10","2f08bda5-8a61-4942-836a-8f1ec7689705"
"2026-07-16T15:25:12","1877536026","",,"Palmas","BR","1","0.0","5","23","-1","-10.258348","-48.316227","1784194194365","2026-07-16T09:29:54","67a7d0d3-9d61-4acd-8315-250cecac9790"
"2026-07-16T15:25:12","1693600006","Av. Siqueira Campos","","Palmas","BR","2","0.0","5","327","-1","-10.294325","-48.33214","1784081881897","2026-07-15T02:18:01","2613c8db-9637-40d4-8e38-c2092c8c0dfc"
"2026-07-16T15:25:12","1877536028","",,"Palmas","BR","1","0.0","5","23","-1","-10.258348","-48.316227","1784194194365","2026-07-16T09:29:54","151ee59d-9fc8-4482-9e04-b365b1e458b5"
"2026-07-16T15:25:12","1090156748","Av. Siqueira Campos","","Palmas","BR","2","0.0","5","979","-1","-10.298359","-48.32771","1783563941797","2026-07-09T02:25:41","e944a470-62d5-4656-aaf0-087383708928"
"2026-07-16T15:25:12","82605268","R. 40","Av. H","Palmas","BR","1","9.46","3","451","90","-10.31723","-48.314919","1784225693490","2026-07-16T18:14:53",
"2026-07-16T15:25:12","1851288576","",,"Palmas","BR","1","0.0","5","36","-1","-10.258352","-48.316498","1784019161779","2026-07-14T08:52:41","341a3583-4137-4e82-bfbb-a67b5e845593"
"2026-07-16T15:25:12","83872422","","ACSE 1 Rua SE-3","Palmas","BR","1","5.56","3","201","74","-10.186348","-48.327434","1784226277872","2026-07-16T18:24:37",
"2026-07-16T15:25:12","223991394","",,"Palmas","BR","1","0.0","5","21","-1","-10.258363","-48.316757","1783180963404","2026-07-04T16:02:43","d984add8-2949-4ac0-81b5-2aa666f8ed15"
"2026-07-16T15:25:12","1694226848","",,"Palmas","BR","1","0.0","5","15","-1","-10.258365","-48.316918","1783904330428","2026-07-13T00:58:50","06d504d6-dac0-4c04-9329-7777206ab7a2"
"2026-07-16T15:25:12","83532550","ASR-SE 15 Av. SR-2","Av. Juscelino Kubitschek","Palmas","BR","2","13.17","3","443","79","-10.186303","-48.303928","1784226133086","2026-07-16T18:22:13",
"2026-07-16T15:25:12","1697990376","Av. Siqueira Campos","","Palmas","BR","2","0.0","5","979","-1","-10.298359","-48.32771","1783909046043","2026-07-13T02:17:26","128eda9c-f215-485b-9c7c-a1544bb8c545"
"2026-07-16T15:25:12","1877412378","",,"Palmas","BR","1","0.0","5","86","-1","-10.258277","-48.315151","1784194127349","2026-07-16T09:28:47","95d9d88f-a5e9-4a1f-a5e3-d31635a7afc6"
"2026-07-16T15:25:12","1693573164","","","Palmas","BR","1","0.0","5","86","-1","-10.258278","-48.315151","1784081882190","2026-07-15T02:18:02","0584e645-bcd7-4670-a8e4-2c08a6763039"
"2026-07-16T15:30:11","1764083300","Av. Siqueira Campos","","Palmas","BR","2","0.0","5","155","-1","-10.292304","-48.332966","1782872109418","2026-07-01T02:15:09","78af3b54-3dea-4f10-8eb5-5fb4a34eaabb"
"2026-07-16T15:30:11","1275283552","","Av. NS-10","Palmas","BR","1","0.0","5","70","-1","-10.258317","-48.317258","1782526649111","2026-06-27T02:17:29","3c3cc392-5d12-48d2-a44d-55f1688e96a0"
"2026-07-16T15:30:11","1693600118","Av. Siqueira Campos","","Palmas","BR","2","0.0","5","155","-1","-10.292304","-48.332966","1784081883010","2026-07-15T02:18:03","af3fc386-180b-4082-a64c-64efe9627b8d"
"2026-07-16T15:30:11","83723576","ASR-SE 15 Av. SR-2","Av. LO-3","Palmas","BR","2","10.79","3","371","94","-10.18989","-48.304273","1784226206438","2026-07-16T18:23:26",
"2026-07-16T15:30:11","1764089184","",,"Palmas","BR","1","0.0","5","45","-1","-10.25844","-48.317041","1782872178272","2026-07-01T02:16:18","972e31c2-cd12-4c0a-b3ee-1530d2e74b4f"
"2026-07-16T15:30:11","1693596122","",,"Palmas","BR","1","0.0","5","36","-1","-10.258352","-48.316498","1784081881899","2026-07-15T02:18:01","f6a9d158-cb4d-43ec-b26e-e2687cf324bf"
"2026-07-16T15:30:11","1693618776","",,"Palmas","BR","1","0.0","5","63","-1","-10.258354","-48.315834","1784081881640","2026-07-15T02:18:01","dc9d4e1f-8670-4b13-9612-de4df2989f38"
"2026-07-16T15:30:11","1211995990","",,"Palmas","BR","1","0.0","5","21","-1","-10.258363","-48.316757","1782353685339","2026-06-25T02:14:45","a82a13e5-2525-4021-aa92-7892a48c9f70"
"2026-07-16T15:30:11","83589972","ASR-SE 65 Al. 2","ASR-SE 65 Al. 3","Palmas","BR","1","5.06","3","211","112","-10.220019","-48.315954","1784226206137","2026-07-16T18:23:26",
"2026-07-16T15:30:11","1088566738","",,"Palmas","BR","1","0.0","5","41","-1","-10.258569","-48.317408","1783562302500","2026-07-09T01:58:22","9740383b-d7ef-4ff2-9da7-1b82984db198"
"2026-07-16T15:30:11","1877536026","",,"Palmas","BR","1","0.0","5","23","-1","-10.258348","-48.316227","1784194194365","2026-07-16T09:29:54","67a7d0d3-9d61-4acd-8315-250cecac9790"
"2026-07-16T15:30:11","1693600032","",,"Palmas","BR","1","0.0","5","63","-1","-10.258354","-48.315834","1784081881899","2026-07-15T02:18:01","205a09b3-2e2f-4b45-86aa-4ea82a9ecd25"
"2026-07-16T15:30:11","1764118132","Av. Siqueira Campos","","Palmas","BR","2","0.0","5","327","-1","-10.294325","-48.33214","1782872110314","2026-07-01T02:15:10","2f08bda5-8a61-4942-836a-8f1ec7689705"
"2026-07-16T15:30:11","1877536028","",,"Palmas","BR","1","0.0","5","23","-1","-10.258348","-48.316227","1784194194365","2026-07-16T09:29:54","151ee59d-9fc8-4482-9e04-b365b1e458b5"
"2026-07-16T15:30:11","1693600006","Av. Siqueira Campos","","Palmas","BR","2","0.0","5","327","-1","-10.294325","-48.33214","1784081881897","2026-07-15T02:18:01","2613c8db-9637-40d4-8e38-c2092c8c0dfc"
"2026-07-16T15:30:11","1090156748","Av. Siqueira Campos","","Palmas","BR","2","0.0","5","979","-1","-10.298359","-48.32771","1783563941797","2026-07-09T02:25:41","e944a470-62d5-4656-aaf0-087383708928"
"2026-07-16T15:30:11","1851288576","",,"Palmas","BR","1","0.0","5","36","-1","-10.258352","-48.316498","1784019161779","2026-07-14T08:52:41","341a3583-4137-4e82-bfbb-a67b5e845593"
"2026-07-16T15:30:11","84152126","ACNE 1 Rua NE-3","Av. NS-2","Palmas","BR","1","3.81","3","251","65","-10.182543","-48.328914","1784226424609","2026-07-16T18:27:04",
"2026-07-16T15:30:11","84562224","ARSE 72 Al. 8","ARSE 72 Al. 15","Palmas","BR","1","3.35","3","174","128","-10.228276","-48.320885","1784226573628","2026-07-16T18:29:33",
"2026-07-16T15:30:11","1694226848","",,"Palmas","BR","1","0.0","5","15","-1","-10.258365","-48.316918","1783904330428","2026-07-13T00:58:50","06d504d6-dac0-4c04-9329-7777206ab7a2"
"2026-07-16T15:30:11","223991394","",,"Palmas","BR","1","0.0","5","21","-1","-10.258363","-48.316757","1783180963404","2026-07-04T16:02:43","d984add8-2949-4ac0-81b5-2aa666f8ed15"
"2026-07-16T15:30:11","1693573164","","","Palmas","BR","1","0.0","5","86","-1","-10.258278","-48.315151","1784081882190","2026-07-15T02:18:02","0584e645-bcd7-4670-a8e4-2c08a6763039"
"2026-07-16T15:30:11","1877412378","",,"Palmas","BR","1","0.0","5","86","-1","-10.258277","-48.315151","1784194127349","2026-07-16T09:28:47","95d9d88f-a5e9-4a1f-a5e3-d31635a7afc6"
"2026-07-16T15:30:11","1697990376","Av. Siqueira Campos","","Palmas","BR","2","0.0","5","979","-1","-10.298359","-48.32771","1783909046043","2026-07-13T02:17:26","128eda9c-f215-485b-9c7c-a1544bb8c545"
"2026-07-16T15:35:12","1764083300","Av. Siqueira Campos","","Palmas","BR","2","0.0","5","155","-1","-10.292304","-48.332966","1782872109418","2026-07-01T02:15:09","78af3b54-3dea-4f10-8eb5-5fb4a34eaabb"
"2026-07-16T15:35:12","1275283552","","Av. NS-10","Palmas","BR","1","0.0","5","70","-1","-10.258317","-48.317258","1782526649111","2026-06-27T02:17:29","3c3cc392-5d12-48d2-a44d-55f1688e96a0"
"2026-07-16T15:35:12","1693600118","Av. Siqueira Campos","","Palmas","BR","2","0.0","5","155","-1","-10.292304","-48.332966","1784081883010","2026-07-15T02:18:03","af3fc386-180b-4082-a64c-64efe9627b8d"
"2026-07-16T15:35:12","1764089184","",,"Palmas","BR","1","0.0","5","45","-1","-10.25844","-48.317041","1782872178272","2026-07-01T02:16:18","972e31c2-cd12-4c0a-b3ee-1530d2e74b4f"
"2026-07-16T15:35:12","84879848","Av. M",,"Palmas","BR","2","3.58","4","150","138","-10.323969","-48.311447","1784226793043","2026-07-16T18:33:13",
"2026-07-16T15:35:12","1693596122","",,"Palmas","BR","1","0.0","5","36","-1","-10.258352","-48.316498","1784081881899","2026-07-15T02:18:01","f6a9d158-cb4d-43ec-b26e-e2687cf324bf"
"2026-07-16T15:35:12","1693618776","",,"Palmas","BR","1","0.0","5","63","-1","-10.258354","-48.315834","1784081881640","2026-07-15T02:18:01","dc9d4e1f-8670-4b13-9612-de4df2989f38"
"2026-07-16T15:35:12","1211995990","",,"Palmas","BR","1","0.0","5","21","-1","-10.258363","-48.316757","1782353685339","2026-06-25T02:14:45","a82a13e5-2525-4021-aa92-7892a48c9f70"
"2026-07-16T15:35:12","1088566738","",,"Palmas","BR","1","0.0","5","41","-1","-10.258569","-48.317408","1783562302500","2026-07-09T01:58:22","9740383b-d7ef-4ff2-9da7-1b82984db198"
"2026-07-16T15:35:12","1877536026","",,"Palmas","BR","1","0.0","5","23","-1","-10.258348","-48.316227","1784194194365","2026-07-16T09:29:54","67a7d0d3-9d61-4acd-8315-250cecac9790"
"2026-07-16T15:35:12","1693600032","",,"Palmas","BR","1","0.0","5","63","-1","-10.258354","-48.315834","1784081881899","2026-07-15T02:18:01","205a09b3-2e2f-4b45-86aa-4ea82a9ecd25"
"2026-07-16T15:35:12","1764118132","Av. Siqueira Campos","","Palmas","BR","2","0.0","5","327","-1","-10.294325","-48.33214","1782872110314","2026-07-01T02:15:10","2f08bda5-8a61-4942-836a-8f1ec7689705"
"2026-07-16T15:35:12","1877536028","",,"Palmas","BR","1","0.0","5","23","-1","-10.258348","-48.316227","1784194194365","2026-07-16T09:29:54","151ee59d-9fc8-4482-9e04-b365b1e458b5"
"2026-07-16T15:35:12","1693600006","Av. Siqueira Campos","","Palmas","BR","2","0.0","5","327","-1","-10.294325","-48.33214","1784081881897","2026-07-15T02:18:01","2613c8db-9637-40d4-8e38-c2092c8c0dfc"
"2026-07-16T15:35:12","1090156748","Av. Siqueira Campos","","Palmas","BR","2","0.0","5","979","-1","-10.298359","-48.32771","1783563941797","2026-07-09T02:25:41","e944a470-62d5-4656-aaf0-087383708928"
"2026-07-16T15:35:12","1851288576","",,"Palmas","BR","1","0.0","5","36","-1","-10.258352","-48.316498","1784019161779","2026-07-14T08:52:41","341a3583-4137-4e82-bfbb-a67b5e845593"
"2026-07-16T15:35:12","84929974","ACSE 1 Rua SE-1","Av. NS-2","Palmas","BR","1","9.44","3","429","113","-10.185595","-48.328367","1784226867997","2026-07-16T18:34:27",
"2026-07-16T15:35:12","85074568","ARSE 72 Al. 12","ARSE 72 Al. 15","Palmas","BR","1","4.33","3","210","140","-10.226482","-48.319555","1784226867232","2026-07-16T18:34:27",
"2026-07-16T15:35:12","1694226848","",,"Palmas","BR","1","0.0","5","15","-1","-10.258365","-48.316918","1783904330428","2026-07-13T00:58:50","06d504d6-dac0-4c04-9329-7777206ab7a2"
"2026-07-16T15:35:12","223991394","",,"Palmas","BR","1","0.0","5","21","-1","-10.258363","-48.316757","1783180963404","2026-07-04T16:02:43","d984add8-2949-4ac0-81b5-2aa666f8ed15"
"2026-07-16T15:35:12","1877412378","",,"Palmas","BR","1","0.0","5","86","-1","-10.258277","-48.315151","1784194127349","2026-07-16T09:28:47","95d9d88f-a5e9-4a1f-a5e3-d31635a7afc6"
"2026-07-16T15:35:12","1693573164","","","Palmas","BR","1","0.0","5","86","-1","-10.258278","-48.315151","1784081882190","2026-07-15T02:18:02","0584e645-bcd7-4670-a8e4-2c08a6763039"
"2026-07-16T15:35:12","1697990376","Av. Siqueira Campos","","Palmas","BR","2","0.0","5","979","-1","-10.298359","-48.32771","1783909046043","2026-07-13T02:17:26","128eda9c-f215-485b-9c7c-a1544bb8c545"
"2026-07-16T15:40:10","1764083300","Av. Siqueira Campos","","Palmas","BR","2","0.0","5","155","-1","-10.292304","-48.332966","1782872109418","2026-07-01T02:15:09","78af3b54-3dea-4f10-8eb5-5fb4a34eaabb"
"2026-07-16T15:40:10","1275283552","","Av. NS-10","Palmas","BR","1","0.0","5","70","-1","-10.258317","-48.317258","1782526649111","2026-06-27T02:17:29","3c3cc392-5d12-48d2-a44d-55f1688e96a0"
"2026-07-16T15:40:10","1693600118","Av. Siqueira Campos","","Palmas","BR","2","0.0","5","155","-1","-10.292304","-48.332966","1784081883010","2026-07-15T02:18:03","af3fc386-180b-4082-a64c-64efe9627b8d"
"2026-07-16T15:40:10","1764089184","",,"Palmas","BR","1","0.0","5","45","-1","-10.25844","-48.317041","1782872178272","2026-07-01T02:16:18","972e31c2-cd12-4c0a-b3ee-1530d2e74b4f"
"2026-07-16T15:40:10","84879848","Av. M",,"Palmas","BR","2","3.7","4","150","133","-10.323969","-48.311447","1784226793043","2026-07-16T18:33:13",
"2026-07-16T15:40:10","1693596122","",,"Palmas","BR","1","0.0","5","36","-1","-10.258352","-48.316498","1784081881899","2026-07-15T02:18:01","f6a9d158-cb4d-43ec-b26e-e2687cf324bf"
"2026-07-16T15:40:10","1693618776","",,"Palmas","BR","1","0.0","5","63","-1","-10.258354","-48.315834","1784081881640","2026-07-15T02:18:01","dc9d4e1f-8670-4b13-9612-de4df2989f38"
"2026-07-16T15:40:10","1211995990","",,"Palmas","BR","1","0.0","5","21","-1","-10.258363","-48.316757","1782353685339","2026-06-25T02:14:45","a82a13e5-2525-4021-aa92-7892a48c9f70"
"2026-07-16T15:40:10","1088566738","",,"Palmas","BR","1","0.0","5","41","-1","-10.258569","-48.317408","1783562302500","2026-07-09T01:58:22","9740383b-d7ef-4ff2-9da7-1b82984db198"
"2026-07-16T15:40:10","1877536026","",,"Palmas","BR","1","0.0","5","23","-1","-10.258348","-48.316227","1784194194365","2026-07-16T09:29:54","67a7d0d3-9d61-4acd-8315-250cecac9790"
"2026-07-16T15:40:10","1693600032","",,"Palmas","BR","1","0.0","5","63","-1","-10.258354","-48.315834","1784081881899","2026-07-15T02:18:01","205a09b3-2e2f-4b45-86aa-4ea82a9ecd25"
"2026-07-16T15:40:10","1764118132","Av. Siqueira Campos","","Palmas","BR","2","0.0","5","327","-1","-10.294325","-48.33214","1782872110314","2026-07-01T02:15:10","2f08bda5-8a61-4942-836a-8f1ec7689705"
"2026-07-16T15:40:10","1877536028","",,"Palmas","BR","1","0.0","5","23","-1","-10.258348","-48.316227","1784194194365","2026-07-16T09:29:54","151ee59d-9fc8-4482-9e04-b365b1e458b5"
"2026-07-16T15:40:10","1693600006","Av. Siqueira Campos","","Palmas","BR","2","0.0","5","327","-1","-10.294325","-48.33214","1784081881897","2026-07-15T02:18:01","2613c8db-9637-40d4-8e38-c2092c8c0dfc"
"2026-07-16T15:40:10","1090156748","Av. Siqueira Campos","","Palmas","BR","2","0.0","5","979","-1","-10.298359","-48.32771","1783563941797","2026-07-09T02:25:41","e944a470-62d5-4656-aaf0-087383708928"
"2026-07-16T15:40:10","1851288576","",,"Palmas","BR","1","0.0","5","36","-1","-10.258352","-48.316498","1784019161779","2026-07-14T08:52:41","341a3583-4137-4e82-bfbb-a67b5e845593"
"2026-07-16T15:40:10","84929974","ACSE 1 Rua SE-1","Av. NS-2","Palmas","BR","1","8.9","3","397","121","-10.185596","-48.327865","1784226867997","2026-07-16T18:34:27",
"2026-07-16T15:40:10","223991394","",,"Palmas","BR","1","0.0","5","21","-1","-10.258363","-48.316757","1783180963404","2026-07-04T16:02:43","d984add8-2949-4ac0-81b5-2aa666f8ed15"
"2026-07-16T15:40:10","1694226848","",,"Palmas","BR","1","0.0","5","15","-1","-10.258365","-48.316918","1783904330428","2026-07-13T00:58:50","06d504d6-dac0-4c04-9329-7777206ab7a2"
"2026-07-16T15:40:10","1877412378","",,"Palmas","BR","1","0.0","5","86","-1","-10.258277","-48.315151","1784194127349","2026-07-16T09:28:47","95d9d88f-a5e9-4a1f-a5e3-d31635a7afc6"
"2026-07-16T15:40:10","1693573164","","","Palmas","BR","1","0.0","5","86","-1","-10.258278","-48.315151","1784081882190","2026-07-15T02:18:02","0584e645-bcd7-4670-a8e4-2c08a6763039"
"2026-07-16T15:40:10","1697990376","Av. Siqueira Campos","","Palmas","BR","2","0.0","5","979","-1","-10.298359","-48.32771","1783909046043","2026-07-13T02:17:26","128eda9c-f215-485b-9c7c-a1544bb8c545"
"2026-07-16T15:45:12","1764083300","Av. Siqueira Campos","","Palmas","BR","2","0.0","5","155","-1","-10.292304","-48.332966","1782872109418","2026-07-01T02:15:09","78af3b54-3dea-4f10-8eb5-5fb4a34eaabb"
"2026-07-16T15:45:12","1275283552","","Av. NS-10","Palmas","BR","1","0.0","5","70","-1","-10.258317","-48.317258","1782526649111","2026-06-27T02:17:29","3c3cc392-5d12-48d2-a44d-55f1688e96a0"
"2026-07-16T15:45:12","1693600118","Av. Siqueira Campos","","Palmas","BR","2","0.0","5","155","-1","-10.292304","-48.332966","1784081883010","2026-07-15T02:18:03","af3fc386-180b-4082-a64c-64efe9627b8d"
"2026-07-16T15:45:12","1764089184","",,"Palmas","BR","1","0.0","5","45","-1","-10.25844","-48.317041","1782872178272","2026-07-01T02:16:18","972e31c2-cd12-4c0a-b3ee-1530d2e74b4f"
"2026-07-16T15:45:12","1693596122","",,"Palmas","BR","1","0.0","5","36","-1","-10.258352","-48.316498","1784081881899","2026-07-15T02:18:01","f6a9d158-cb4d-43ec-b26e-e2687cf324bf"
"2026-07-16T15:45:12","86109352","BR-010","","Palmas","BR","6","38.3","1","2492","79","-10.347791","-48.300407","1784227524885","2026-07-16T18:45:24",
"2026-07-16T15:45:12","1693618776","",,"Palmas","BR","1","0.0","5","63","-1","-10.258354","-48.315834","1784081881640","2026-07-15T02:18:01","dc9d4e1f-8670-4b13-9612-de4df2989f38"
"2026-07-16T15:45:12","1211995990","",,"Palmas","BR","1","0.0","5","21","-1","-10.258363","-48.316757","1782353685339","2026-06-25T02:14:45","a82a13e5-2525-4021-aa92-7892a48c9f70"
"2026-07-16T15:45:12","1088566738","",,"Palmas","BR","1","0.0","5","41","-1","-10.258569","-48.317408","1783562302500","2026-07-09T01:58:22","9740383b-d7ef-4ff2-9da7-1b82984db198"
"2026-07-16T15:45:12","1877536026","",,"Palmas","BR","1","0.0","5","23","-1","-10.258348","-48.316227","1784194194365","2026-07-16T09:29:54","67a7d0d3-9d61-4acd-8315-250cecac9790"
"2026-07-16T15:45:12","1693600032","",,"Palmas","BR","1","0.0","5","63","-1","-10.258354","-48.315834","1784081881899","2026-07-15T02:18:01","205a09b3-2e2f-4b45-86aa-4ea82a9ecd25"
"2026-07-16T15:45:12","1764118132","Av. Siqueira Campos","","Palmas","BR","2","0.0","5","327","-1","-10.294325","-48.33214","1782872110314","2026-07-01T02:15:10","2f08bda5-8a61-4942-836a-8f1ec7689705"
"2026-07-16T15:45:12","1877536028","",,"Palmas","BR","1","0.0","5","23","-1","-10.258348","-48.316227","1784194194365","2026-07-16T09:29:54","151ee59d-9fc8-4482-9e04-b365b1e458b5"
"2026-07-16T15:45:12","1693600006","Av. Siqueira Campos","","Palmas","BR","2","0.0","5","327","-1","-10.294325","-48.33214","1784081881897","2026-07-15T02:18:01","2613c8db-9637-40d4-8e38-c2092c8c0dfc"
"2026-07-16T15:45:12","1090156748","Av. Siqueira Campos","","Palmas","BR","2","0.0","5","979","-1","-10.298359","-48.32771","1783563941797","2026-07-09T02:25:41","e944a470-62d5-4656-aaf0-087383708928"
"2026-07-16T15:45:12","85949544","TO-050","","Palmas","BR","7","44.12","1","1989","69","-10.368888","-48.3034","1784227451228","2026-07-16T18:44:11",
"2026-07-16T15:45:12","1851288576","",,"Palmas","BR","1","0.0","5","36","-1","-10.258352","-48.316498","1784019161779","2026-07-14T08:52:41","341a3583-4137-4e82-bfbb-a67b5e845593"
"2026-07-16T15:45:12","84929974","ACSE 1 Rua SE-1","Av. NS-2","Palmas","BR","1","9.23","3","397","115","-10.185596","-48.327865","1784226867997","2026-07-16T18:34:27",
"2026-07-16T15:45:12","223991394","",,"Palmas","BR","1","0.0","5","21","-1","-10.258363","-48.316757","1783180963404","2026-07-04T16:02:43","d984add8-2949-4ac0-81b5-2aa666f8ed15"
"2026-07-16T15:45:12","1694226848","",,"Palmas","BR","1","0.0","5","15","-1","-10.258365","-48.316918","1783904330428","2026-07-13T00:58:50","06d504d6-dac0-4c04-9329-7777206ab7a2"
"2026-07-16T15:45:12","1877412378","",,"Palmas","BR","1","0.0","5","86","-1","-10.258277","-48.315151","1784194127349","2026-07-16T09:28:47","95d9d88f-a5e9-4a1f-a5e3-d31635a7afc6"
"2026-07-16T15:45:12","1697990376","Av. Siqueira Campos","","Palmas","BR","2","0.0","5","979","-1","-10.298359","-48.32771","1783909046043","2026-07-13T02:17:26","128eda9c-f215-485b-9c7c-a1544bb8c545"
"2026-07-16T15:45:12","86187390","","Av. NS-7","Palmas","BR","2","5.03","3","234","134","-10.214372","-48.349561","1784227523802","2026-07-16T18:45:23",
"2026-07-16T15:45:12","1693573164","","","Palmas","BR","1","0.0","5","86","-1","-10.258278","-48.315151","1784081882190","2026-07-15T02:18:02","0584e645-bcd7-4670-a8e4-2c08a6763039"
"2026-07-16T18:50:09","1764083300","Av. Siqueira Campos","","Palmas","BR","2","0.0","5","155","-1","-10.292304","-48.332966","1782872109418","2026-07-01T02:15:09","78af3b54-3dea-4f10-8eb5-5fb4a34eaabb"
"2026-07-16T18:50:09","1275283552","","Av. NS-10","Palmas","BR","1","0.0","5","70","-1","-10.258317","-48.317258","1782526649111","2026-06-27T02:17:29","3c3cc392-5d12-48d2-a44d-55f1688e96a0"
"2026-07-16T18:50:09","1693600118","Av. Siqueira Campos","","Palmas","BR","2","0.0","5","155","-1","-10.292304","-48.332966","1784081883010","2026-07-15T02:18:03","af3fc386-180b-4082-a64c-64efe9627b8d"
"2026-07-16T18:50:09","1764089184","",,"Palmas","BR","1","0.0","5","45","-1","-10.25844","-48.317041","1782872178272","2026-07-01T02:16:18","972e31c2-cd12-4c0a-b3ee-1530d2e74b4f"
"2026-07-16T18:50:09","1693596122","",,"Palmas","BR","1","0.0","5","36","-1","-10.258352","-48.316498","1784081881899","2026-07-15T02:18:01","f6a9d158-cb4d-43ec-b26e-e2687cf324bf"
"2026-07-16T18:50:09","1693618776","",,"Palmas","BR","1","0.0","5","63","-1","-10.258354","-48.315834","1784081881640","2026-07-15T02:18:01","dc9d4e1f-8670-4b13-9612-de4df2989f38"
"2026-07-16T18:50:09","1211995990","",,"Palmas","BR","1","0.0","5","21","-1","-10.258363","-48.316757","1782353685339","2026-06-25T02:14:45","a82a13e5-2525-4021-aa92-7892a48c9f70"
"2026-07-16T18:50:09","1088566738","",,"Palmas","BR","1","0.0","5","41","-1","-10.258569","-48.317408","1783562302500","2026-07-09T01:58:22","9740383b-d7ef-4ff2-9da7-1b82984db198"
"2026-07-16T18:50:09","1693600032","",,"Palmas","BR","1","0.0","5","63","-1","-10.258354","-48.315834","1784081881899","2026-07-15T02:18:01","205a09b3-2e2f-4b45-86aa-4ea82a9ecd25"
"2026-07-16T18:50:09","1877536026","",,"Palmas","BR","1","0.0","5","23","-1","-10.258348","-48.316227","1784194194365","2026-07-16T09:29:54","67a7d0d3-9d61-4acd-8315-250cecac9790"
"2026-07-16T18:50:09","1764118132","Av. Siqueira Campos","","Palmas","BR","2","0.0","5","327","-1","-10.294325","-48.33214","1782872110314","2026-07-01T02:15:10","2f08bda5-8a61-4942-836a-8f1ec7689705"
"2026-07-16T18:50:09","1877536028","",,"Palmas","BR","1","0.0","5","23","-1","-10.258348","-48.316227","1784194194365","2026-07-16T09:29:54","151ee59d-9fc8-4482-9e04-b365b1e458b5"
"2026-07-16T18:50:09","1693600006","Av. Siqueira Campos","","Palmas","BR","2","0.0","5","327","-1","-10.294325","-48.33214","1784081881897","2026-07-15T02:18:01","2613c8db-9637-40d4-8e38-c2092c8c0dfc"
"2026-07-16T18:50:09","1090156748","Av. Siqueira Campos","","Palmas","BR","2","0.0","5","979","-1","-10.298359","-48.32771","1783563941797","2026-07-09T02:25:41","e944a470-62d5-4656-aaf0-087383708928"
"2026-07-16T18:50:09","86718780","Av. LO-27","","Palmas","BR","2","4.84","4","449","291","-10.25551","-48.338157","1784227818737","2026-07-16T18:50:18",
"2026-07-16T18:50:09","1851288576","",,"Palmas","BR","1","0.0","5","36","-1","-10.258352","-48.316498","1784019161779","2026-07-14T08:52:41","341a3583-4137-4e82-bfbb-a67b5e845593"
"2026-07-16T18:50:09","1694226848","",,"Palmas","BR","1","0.0","5","15","-1","-10.258365","-48.316918","1783904330428","2026-07-13T00:58:50","06d504d6-dac0-4c04-9329-7777206ab7a2"
"2026-07-16T18:50:09","223991394","",,"Palmas","BR","1","0.0","5","21","-1","-10.258363","-48.316757","1783180963404","2026-07-04T16:02:43","d984add8-2949-4ac0-81b5-2aa666f8ed15"
"2026-07-16T18:50:09","1877412378","",,"Palmas","BR","1","0.0","5","86","-1","-10.258277","-48.315151","1784194127349","2026-07-16T09:28:47","95d9d88f-a5e9-4a1f-a5e3-d31635a7afc6"
"2026-07-16T18:50:09","1693573164","","","Palmas","BR","1","0.0","5","86","-1","-10.258278","-48.315151","1784081882190","2026-07-15T02:18:02","0584e645-bcd7-4670-a8e4-2c08a6763039"
"2026-07-16T18:50:09","1697990376","Av. Siqueira Campos","","Palmas","BR","2","0.0","5","979","-1","-10.298359","-48.32771","1783909046043","2026-07-13T02:17:26","128eda9c-f215-485b-9c7c-a1544bb8c545"
"2026-07-16T18:55:12","1764083300","Av. Siqueira Campos","","Palmas","BR","2","0.0","5","155","-1","-10.292304","-48.332966","1782872109418","2026-07-01T02:15:09","78af3b54-3dea-4f10-8eb5-5fb4a34eaabb"
"2026-07-16T18:55:12","1275283552","","Av. NS-10","Palmas","BR","1","0.0","5","70","-1","-10.258317","-48.317258","1782526649111","2026-06-27T02:17:29","3c3cc392-5d12-48d2-a44d-55f1688e96a0"
"2026-07-16T18:55:12","1693600118","Av. Siqueira Campos","","Palmas","BR","2","0.0","5","155","-1","-10.292304","-48.332966","1784081883010","2026-07-15T02:18:03","af3fc386-180b-4082-a64c-64efe9627b8d"
"2026-07-16T18:55:12","1764089184","",,"Palmas","BR","1","0.0","5","45","-1","-10.25844","-48.317041","1782872178272","2026-07-01T02:16:18","972e31c2-cd12-4c0a-b3ee-1530d2e74b4f"
"2026-07-16T18:55:12","1693596122","",,"Palmas","BR","1","0.0","5","36","-1","-10.258352","-48.316498","1784081881899","2026-07-15T02:18:01","f6a9d158-cb4d-43ec-b26e-e2687cf324bf"
"2026-07-16T18:55:12","87140824","ACNE 1 Rua NE-1","Av. NS-4","Palmas","BR","1","11.66","2","553","71","-10.18344","-48.327494","1784228110433","2026-07-16T18:55:10",
"2026-07-16T18:55:12","1693618776","",,"Palmas","BR","1","0.0","5","63","-1","-10.258354","-48.315834","1784081881640","2026-07-15T02:18:01","dc9d4e1f-8670-4b13-9612-de4df2989f38"
"2026-07-16T18:55:12","1211995990","",,"Palmas","BR","1","0.0","5","21","-1","-10.258363","-48.316757","1782353685339","2026-06-25T02:14:45","a82a13e5-2525-4021-aa92-7892a48c9f70"
"2026-07-16T18:55:12","1088566738","",,"Palmas","BR","1","0.0","5","41","-1","-10.258569","-48.317408","1783562302500","2026-07-09T01:58:22","9740383b-d7ef-4ff2-9da7-1b82984db198"
"2026-07-16T18:55:12","1877536026","",,"Palmas","BR","1","0.0","5","23","-1","-10.258348","-48.316227","1784194194365","2026-07-16T09:29:54","67a7d0d3-9d61-4acd-8315-250cecac9790"
"2026-07-16T18:55:12","1693600032","",,"Palmas","BR","1","0.0","5","63","-1","-10.258354","-48.315834","1784081881899","2026-07-15T02:18:01","205a09b3-2e2f-4b45-86aa-4ea82a9ecd25"
"2026-07-16T18:55:12","1764118132","Av. Siqueira Campos","","Palmas","BR","2","0.0","5","327","-1","-10.294325","-48.33214","1782872110314","2026-07-01T02:15:10","2f08bda5-8a61-4942-836a-8f1ec7689705"
"2026-07-16T18:55:12","1877536028","",,"Palmas","BR","1","0.0","5","23","-1","-10.258348","-48.316227","1784194194365","2026-07-16T09:29:54","151ee59d-9fc8-4482-9e04-b365b1e458b5"
"2026-07-16T18:55:12","1693600006","Av. Siqueira Campos","","Palmas","BR","2","0.0","5","327","-1","-10.294325","-48.33214","1784081881897","2026-07-15T02:18:01","2613c8db-9637-40d4-8e38-c2092c8c0dfc"
"2026-07-16T18:55:12","1090156748","Av. Siqueira Campos","","Palmas","BR","2","0.0","5","979","-1","-10.298359","-48.32771","1783563941797","2026-07-09T02:25:41","e944a470-62d5-4656-aaf0-087383708928"
"2026-07-16T18:55:12","1851288576","",,"Palmas","BR","1","0.0","5","36","-1","-10.258352","-48.316498","1784019161779","2026-07-14T08:52:41","341a3583-4137-4e82-bfbb-a67b5e845593"
"2026-07-16T18:55:12","1694226848","",,"Palmas","BR","1","0.0","5","15","-1","-10.258365","-48.316918","1783904330428","2026-07-13T00:58:50","06d504d6-dac0-4c04-9329-7777206ab7a2"
"2026-07-16T18:55:12","223991394","",,"Palmas","BR","1","0.0","5","21","-1","-10.258363","-48.316757","1783180963404","2026-07-04T16:02:43","d984add8-2949-4ac0-81b5-2aa666f8ed15"
"2026-07-16T18:55:12","1877412378","",,"Palmas","BR","1","0.0","5","86","-1","-10.258277","-48.315151","1784194127349","2026-07-16T09:28:47","95d9d88f-a5e9-4a1f-a5e3-d31635a7afc6"
"2026-07-16T18:55:12","1697990376","Av. Siqueira Campos","","Palmas","BR","2","0.0","5","979","-1","-10.298359","-48.32771","1783909046043","2026-07-13T02:17:26","128eda9c-f215-485b-9c7c-a1544bb8c545"
"2026-07-16T18:55:12","1693573164","","","Palmas","BR","1","0.0","5","86","-1","-10.258278","-48.315151","1784081882190","2026-07-15T02:18:02","0584e645-bcd7-4670-a8e4-2c08a6763039"
"2026-07-16T18:55:12","87215084","",,"Palmas","BR","1","0.52","4","190","1234","-10.220626","-48.330681","1784228112769","2026-07-16T18:55:12",
