"collected_at","areaName","updateTime","updateTimeUtc","usersOnJams_level0","usersOnJams_level1","usersOnJams_level2","usersOnJams_level3","usersOnJams_level4","lengthOfJams_level1","lengthOfJams_level2","lengthOfJams_level3","lengthOfJams_level4","lengthOfJams_level5","routesCount","irregularitiesCount"
"2026-07-16T14:23:13","Managed Area","1784222611954","2026-07-16T17:23:31","38","0","0","0","0","0","2178","936","0","3551","0","0"
"2026-07-16T14:25:13","Managed Area","1784222732391","2026-07-16T17:25:32","25","0","0","0","0","0","10267","936","0","3551","0","0"
"2026-07-16T14:30:13","Managed Area","1784223033957","2026-07-16T17:30:33","32","0","2.5","0","0","0","2861","901","0","3551","0","0"
"2026-07-16T14:35:15","Managed Area","1784223334817","2026-07-16T17:35:34","42","0","0","0","0","8089","945","2230","0","3551","0","0"
"2026-07-16T14:40:11","Managed Area","1784223629973","2026-07-16T17:40:29","25","0","0","0","0","6802","945","843","0","3551","0","0"
"2026-07-16T14:45:11","Managed Area","1784223931158","2026-07-16T17:45:31","34","0","0","0","0","2492","0","296","0","3551","0","0"
"2026-07-16T14:50:26","Managed Area","1784224244667","2026-07-16T17:50:44","26","0","0","0","0","8089","0","0","152","3551","0","0"
"2026-07-16T14:55:12","Managed Area","1784224531100","2026-07-16T17:55:31","29","2","0","0","0","8089","473","0","543","3551","0","0"
"2026-07-16T15:00:12","Managed Area","1784224831016","2026-07-16T18:00:31","41","0","0","0","0","0","473","0","181","3551","0","0"
"2026-07-16T15:05:14","Managed Area","1784225132624","2026-07-16T18:05:32","36","0","0","0","0","8089","2555","622","0","3551","0","0"
"2026-07-16T15:10:10","Managed Area","1784225429065","2026-07-16T18:10:29","42","0","0","0","0","1868","1491","8711","0","3551","0","1"
"2026-07-16T15:15:11","Managed Area","1784225730415","2026-07-16T18:15:30","30","0","0","0","0","0","1491","8937","0","3551","0","1"
"2026-07-16T15:20:11","Managed Area","1784226030474","2026-07-16T18:20:30","27","0","0","0","0","0","571","8540","0","3551","0","1"
"2026-07-16T15:25:12","Managed Area","1784226330983","2026-07-16T18:25:30","28","0","0","0","0","0","0","1748","0","3551","0","0"
"2026-07-16T15:30:11","Managed Area","1784226630035","2026-07-16T18:30:30","34","0","0","0","0","0","0","1007","0","3551","0","0"
"2026-07-16T15:35:12","Managed Area","1784226930889","2026-07-16T18:35:30","25","0","0","0","0","0","0","639","150","3551","0","0"
"2026-07-16T15:40:10","Managed Area","1784227229532","2026-07-16T18:40:29","27","0","0","0","0","0","0","397","150","3551","0","0"
"2026-07-16T15:45:12","Managed Area","1784227531588","2026-07-16T18:45:31","26","0","0","0","0","4481","0","631","0","3551","0","0"
"2026-07-16T18:50:09","Managed Area","1784227828832","2026-07-16T18:50:28","34","0","0","0","0","0","0","0","449","3551","0","0"
"2026-07-16T18:55:12","Managed Area","1784228131079","2026-07-16T18:55:31","32","0","0","0","0","0","553","0","190","3551","0","0"
"2026-07-16T19:00:16","Managed Area","1784228435119","2026-07-16T19:00:35","28","0","0","0","0","0","0","0","663","3551","0","0"
"2026-07-16T19:05:11","Managed Area","1784228730011","2026-07-16T19:05:30","27","0","0","0","0","0","1868","0","573","3551","0","0"
"2026-07-16T19:10:12","Managed Area","1784229030922","2026-07-16T19:10:30","22","0","0","0","0","0","2459","0","357","3551","0","0"
"2026-07-16T19:15:11","Managed Area","1784229330196","2026-07-16T19:15:30","30","0","0","0","0","0","2194","0","0","3551","0","0"
"2026-07-16T19:20:11","Managed Area","1784229630012","2026-07-16T19:20:30","23","0","0","0","0","0","3513","289","0","3551","0","0"
"2026-07-16T19:25:11","Managed Area","1784229930465","2026-07-16T19:25:30","37","0","0","0","0","0","585","931","0","3551","0","0"
"2026-07-16T19:30:11","Managed Area","1784230230293","2026-07-16T19:30:30","33","0","0","0","0","1523","585","426","247","3551","0","0"
"2026-07-16T19:35:12","Managed Area","1784230531158","2026-07-16T19:35:31","29","0","0","0","0","7905","0","823","0","3551","0","0"
"2026-07-16T19:40:11","Managed Area","1784230829765","2026-07-16T19:40:29","46","2","0","0","0","8089","0","827","0","3551","0","0"
"2026-07-16T19:45:11","Managed Area","1784231130240","2026-07-16T19:45:30","38","0","2.5","0","0","0","2329","406","223","3551","0","0"
"2026-07-16T19:50:11","Managed Area","1784231429874","2026-07-16T19:50:29","33","0","0","0","0","0","1075","954","0","3551","0","0"
"2026-07-16T19:55:12","Managed Area","1784231730830","2026-07-16T19:55:30","24","0","0","0","0","3410","1139","748","286","3551","0","0"
"2026-07-16T20:00:11","Managed Area","1784232029966","2026-07-16T20:00:29","49","0","0","0","0","3977","1677","397","0","3551","0","0"
"2026-07-16T20:05:13","Managed Area","1784232332362","2026-07-16T20:05:32","28","0","0","0","0","0","945","397","0","3551","0","0"
"2026-07-16T21:14:24","Managed Area","1784236466143","2026-07-16T21:14:26","33","0","0","0","0","0","2947","813","0","3551","0","0"
"2026-07-16T22:14:44","Managed Area","1784240085015","2026-07-16T22:14:45","23","0","0","0","0","2134","2492","0","0","3551","0","0"
"2026-07-16T23:10:43","Managed Area","1784243445073","2026-07-16T23:10:45","31","0","2.5","0","0","0","7005","1828","0","3551","0","0"
"2026-07-17T00:10:14","Managed Area","1784247015827","2026-07-17T00:10:15","19","0","0","0","0","4620","231","0","0","3551","0","0"
"2026-07-17T03:33:01","Managed Area","1784259183426","2026-07-17T03:33:03","9","0","0","0","0","0","0","0","303","3551","0","0"
"2026-07-17T06:00:51","Managed Area","1784268052426","2026-07-17T06:00:52","13","0","0","0","0","0","24","0","0","3551","0","0"
"2026-07-17T08:12:51","Managed Area","1784275972875","2026-07-17T08:12:52","7","0","0","0","0","0","0","0","0","3551","0","0"
"2026-07-17T10:10:46","Managed Area","1784283048152","2026-07-17T10:10:48","18","0","0","0","0","0","0","0","0","3551","0","0"
"2026-07-17T11:38:28","Managed Area","1784288309972","2026-07-17T11:38:29","24","0","0","0","0","0","0","0","253","3551","0","0"
"2026-07-17T12:45:44","Managed Area","1784292345394","2026-07-17T12:45:45","22","0","0","0","0","24","0","525","0","3551","0","0"
"2026-07-17T14:16:50","Managed Area","1784297811865","2026-07-17T14:16:51","37","0","0","0","0","0","1125","397","0","3551","0","0"
"2026-07-17T15:42:20","Managed Area","1784302941541","2026-07-17T15:42:21","41","0","0","0","0","0","582","988","0","4253","0","0"
"2026-07-17T16:45:03","Managed Area","1784306705272","2026-07-17T16:45:05","27","0","0","0","0","0","0","434","476","4253","0","0"
"2026-07-17T17:45:51","Managed Area","1784310353139","2026-07-17T17:45:53","33","0","0","0","0","39","1516","0","0","4253","0","0"
"2026-07-17T18:41:11","Managed Area","1784313672322","2026-07-17T18:41:12","36","0","0","0","0","0","36","429","167","4253","0","0"
"2026-07-17T19:44:14","Managed Area","1784317455904","2026-07-17T19:44:15","28","0","0","0","0","4085","6802","331","852","4253","0","0"
"2026-07-17T21:23:09","Managed Area","1784323390722","2026-07-17T21:23:10","38","0","0","6","0","0","0","2780","296","4253","0","0"
"2026-07-17T22:09:55","Managed Area","1784326197028","2026-07-17T22:09:57","37","0","0","0","0","11096","2396","0","0","4253","0","0"
"2026-07-17T23:04:25","Managed Area","1784329467276","2026-07-17T23:04:27","30","0","0","0","0","5087","519","0","574","4253","0","0"
"2026-07-17T23:59:39","Managed Area","1784332781420","2026-07-17T23:59:41","20","0","0","0","0","24","0","856","0","4253","0","0"
"2026-07-18T02:23:28","Managed Area","1784341410230","2026-07-18T02:23:30","17","0","0","0","0","0","24","771","0","4253","0","0"
"2026-07-18T05:06:45","Managed Area","1784351206281","2026-07-18T05:06:46","5","0","0","0","0","0","0","0","0","4253","0","0"
"2026-07-18T07:04:55","Managed Area","1784358297060","2026-07-18T07:04:57","4","0","0","0","0","2559","0","0","0","4253","0","0"
"2026-07-18T08:55:02","Managed Area","1784364904122","2026-07-18T08:55:04","4","0","2.5","0","0","0","2085","0","0","7938","0","3"
"2026-07-18T10:05:30","Managed Area","1784369132306","2026-07-18T10:05:32","12","0","0","0","0","0","0","0","0","4253","0","0"
"2026-07-18T11:13:44","Managed Area","1784373225561","2026-07-18T11:13:45","19","0","0","0","0","0","24","300","0","4253","0","0"
"2026-07-18T12:03:36","Managed Area","1784376217645","2026-07-18T12:03:37","24","0","0","0","0","0","920","0","0","4253","0","0"
"2026-07-18T13:40:14","Managed Area","1784382016102","2026-07-18T13:40:16","31","2","0","0","0","468","1327","676","0","4253","0","0"
"2026-07-18T14:37:47","Managed Area","1784385468531","2026-07-18T14:37:48","27","0","0","0","0","0","357","0","234","4253","0","0"
"2026-07-18T15:32:53","Managed Area","1784388775253","2026-07-18T15:32:55","28","0","0","0","0","0","3753","887","197","4253","0","0"
"2026-07-18T16:29:25","Managed Area","1784392166770","2026-07-18T16:29:26","24","0","0","0","0","123","2517","0","154","4253","0","0"
"2026-07-18T17:29:24","Managed Area","1784395766079","2026-07-18T17:29:26","26","0","0","0","0","2639","0","0","0","4253","0","0"
"2026-07-18T18:26:30","Managed Area","1784399191476","2026-07-18T18:26:31","18","0","0","0","0","0","0","494","0","4253","0","0"
"2026-07-18T19:39:00","Managed Area","1784403542187","2026-07-18T19:39:02","11","0","0","0","0","0","1753","4542","0","4253","0","0"
"2026-07-18T20:24:37","Managed Area","1784406278944","2026-07-18T20:24:38","26","0","0","0","0","1807","3119","380","0","4253","0","0"
"2026-07-18T21:09:39","Managed Area","1784408981050","2026-07-18T21:09:41","27","0","0","0","0","123","0","0","0","4253","0","0"
"2026-07-18T22:03:16","Managed Area","1784412198473","2026-07-18T22:03:18","27","0","0","0","0","1635","6221","0","0","4253","0","0"
"2026-07-18T22:57:43","Managed Area","1784415464890","2026-07-18T22:57:44","30","0","0","0","0","36","0","249","0","4253","0","0"
"2026-07-18T23:46:38","Managed Area","1784418399737","2026-07-18T23:46:39","23","0","0","0","0","147","764","0","0","4253","0","0"
"2026-07-19T01:11:01","Managed Area","1784423462398","2026-07-19T01:11:02","25","0","0","0","0","123","0","0","0","4253","0","0"
"2026-07-19T04:32:13","Managed Area","1784435534082","2026-07-19T04:32:14","11","0","0","0","0","986","0","0","0","4253","0","0"
"2026-07-19T07:06:42","Managed Area","1784444803620","2026-07-19T07:06:43","11","0","0","0","0","0","0","0","0","4253","0","0"
"2026-07-19T09:11:50","Managed Area","1784452311380","2026-07-19T09:11:51","16","0","0","0","0","3242","17","0","201","4253","0","0"
"2026-07-19T10:42:22","Managed Area","1784457744198","2026-07-19T10:42:24","15","0","0","0","0","3058","0","0","0","6770","0","1"
"2026-07-19T11:41:38","Managed Area","1784461300164","2026-07-19T11:41:40","20","0","0","0","0","1296","1868","582","0","6770","0","1"
"2026-07-19T12:34:08","Managed Area","1784464449801","2026-07-19T12:34:09","15","0","0","0","0","0","0","523","0","4253","0","0"
"2026-07-19T14:05:53","Managed Area","1784469955136","2026-07-19T14:05:55","22","0","0","0","0","0","0","376","0","4253","0","0"
"2026-07-19T15:06:57","Managed Area","1784473618714","2026-07-19T15:06:58","34","0","0","0","0","0","0","0","167","4253","0","0"
"2026-07-19T16:05:10","Managed Area","1784477111488","2026-07-19T16:05:11","27","0","0","0","0","0","0","0","0","4253","0","0"
"2026-07-19T17:09:57","Managed Area","1784480998438","2026-07-19T17:09:58","21","0","0","0","0","48","0","384","0","4253","0","0"
"2026-07-19T18:05:25","Managed Area","1784484326949","2026-07-19T18:05:26","21","0","0","0","0","2463","1523","0","0","4253","0","0"
"2026-07-19T19:19:37","Managed Area","1784488778635","2026-07-19T19:19:38","19","0","0","0","0","0","0","1277","0","2295","0","0"
"2026-07-19T20:12:24","Managed Area","1784491946341","2026-07-19T20:12:26","24","0","0","0","0","0","0","0","163","2295","0","0"
"2026-07-19T21:05:43","Managed Area","1784495145438","2026-07-19T21:05:45","19","0","0","0","0","123","24","223","0","2295","0","0"
"2026-07-19T22:02:11","Managed Area","1784498532249","2026-07-19T22:02:12","24","0","0","0","0","240","0","0","0","2295","0","0"
"2026-07-19T22:57:43","Managed Area","1784501864627","2026-07-19T22:57:44","36","0","0","0","0","188","123","0","0","2295","0","0"
"2026-07-19T23:51:43","Managed Area","1784505105004","2026-07-19T23:51:45","33","0","0","0","0","0","3772","0","322","2295","0","0"
"2026-07-20T01:16:04","Managed Area","1784510166267","2026-07-20T01:16:06","26","0","0","0","0","0","0","0","0","2295","0","0"
"2026-07-20T04:53:14","Managed Area","1784523195553","2026-07-20T04:53:15","11","0","0","0","0","0","0","296","0","1889","0","0"
"2026-07-20T07:48:18","Managed Area","1784533699448","2026-07-20T07:48:19","10","0","0","0","0","0","0","0","0","1889","0","0"
"2026-07-20T10:32:13","Managed Area","1784543534755","2026-07-20T10:32:14","24","0","0","0","0","0","969","0","0","1889","0","0"
"2026-07-20T12:33:30","Managed Area","1784550811760","2026-07-20T12:33:31","23","0","0","0","0","0","4985","0","0","1889","0","0"
"2026-07-20T14:41:31","Managed Area","1784558492695","2026-07-20T14:41:32","28","0","0","0","0","24","8721","299","0","1889","0","0"
"2026-07-20T16:12:55","Managed Area","1784563976416","2026-07-20T16:12:56","27","0","0","0","0","0","945","0","0","1593","0","0"
"2026-07-20T18:18:05","Managed Area","1784571486981","2026-07-20T18:18:06","26","0","0","0","0","0","6802","3309","429","1593","0","0"
"2026-07-20T19:58:45","Managed Area","1784577526640","2026-07-20T19:58:46","27","0","0","0","0","0","5331","5491","0","1593","1","0"
"2026-07-20T21:08:34","Managed Area","1784581715868","2026-07-20T21:08:35","28","0","0","0","0","0","0","0","1261","1593","1","1"
"2026-07-20T22:10:02","Managed Area","1784585404746","2026-07-20T22:10:04","33","0","0","0","0","0","2918","657","1261","1593","1","1"
"2026-07-20T23:12:16","Managed Area","1784589137456","2026-07-20T23:12:17","34","0","0","0","0","9283","24","0","0","1593","1","0"
"2026-07-21T00:07:38","Managed Area","1784592460703","2026-07-21T00:07:40","25","0","0","0","0","0","24","0","150","1593","1","0"
"2026-07-21T03:37:24","Managed Area","1784605045743","2026-07-21T03:37:25","12","0","0","0","0","0","0","580","0","1593","1","0"
"2026-07-21T06:14:18","Managed Area","1784614460494","2026-07-21T06:14:20","14","0","0","0","0","8089","0","0","0","1593","1","0"
"2026-07-21T08:44:18","Managed Area","1784623459567","2026-07-21T08:44:19","4","0","0","0","0","0","0","3115","0","5278","1","3"
"2026-07-21T10:49:08","Managed Area","1784630949633","2026-07-21T10:49:09","21","0","0","0","0","0","3933","362","0","1593","1","0"
"2026-07-21T12:12:37","Managed Area","1784635958489","2026-07-21T12:12:38","25","0","2.5","0","0","8089","3860","449","496","1593","1","0"
"2026-07-21T14:20:01","Managed Area","1784643606736","2026-07-21T14:20:06","26","0","0","0","0","4655","4190","3676","0","1593","1","1"
"2026-07-21T15:55:46","Managed Area","1784649348101","2026-07-21T15:55:48","29","0","0","0","0","728","586","404","0","1593","1","0"
"2026-07-21T17:04:51","Managed Area","1784653492971","2026-07-21T17:04:52","31","0","0","0","0","0","8089","0","759","1593","1","0"
"2026-07-21T18:21:34","Managed Area","1784658095839","2026-07-21T18:21:35","27","0","2.5","0","0","6802","4020","934","0","1593","1","0"
"2026-07-21T19:55:52","Managed Area","1784663753521","2026-07-21T19:55:53","41","0","0","0","0","0","8456","0","356","1593","1","0"
"2026-07-21T20:56:41","Managed Area","1784667403171","2026-07-21T20:56:43","34","0","0","0","0","5486","659","533","1041","1593","1","1"
"2026-07-21T21:55:43","Managed Area","1784670944420","2026-07-21T21:55:44","32","0","0","0","0","12575","986","1352","1041","1593","1","1"
"2026-07-21T22:42:58","Managed Area","1784673780300","2026-07-21T22:43:00","29","0","0","0","0","0","0","223","309","1593","1","0"
"2026-07-21T23:40:02","Managed Area","1784677205306","2026-07-21T23:40:05","22","0","0","0","0","0","0","0","0","1685","1","0"
"2026-07-22T01:03:45","Managed Area","1784682227064","2026-07-22T01:03:47","21","0","0","0","0","0","0","0","0","1593","1","0"
"2026-07-22T04:23:55","Managed Area","1784694236652","2026-07-22T04:23:56","13","0","0","0","0","0","0","0","0","1593","1","0"
"2026-07-22T06:46:12","Managed Area","1784702773467","2026-07-22T06:46:13","10","0","0","0","0","2492","0","0","0","1593","1","0"
"2026-07-22T09:15:58","Managed Area","1784711759955","2026-07-22T09:15:59","17","0","0","0","0","0","0","0","367","1593","1","0"
"2026-07-22T11:20:24","Managed Area","1784719226138","2026-07-22T11:20:26","33","0","0","0","0","3675","0","0","0","1593","1","0"
"2026-07-22T12:49:03","Managed Area","1784724544807","2026-07-22T12:49:04","38","4","0","0","0","12317","3503","24","0","1593","1","0"
"2026-07-22T14:48:13","Managed Area","1784731694996","2026-07-22T14:48:14","29","0","0","0","0","6802","4951","0","0","1593","1","0"
"2026-07-22T16:08:54","Managed Area","1784736535362","2026-07-22T16:08:55","28","0","0","0","0","0","0","296","0","1593","1","0"
"2026-07-22T19:58:12","Managed Area","1784750293833","2026-07-22T19:58:13","46","0","0","0","0","8838","5383","670","0","1593","1","0"
"2026-07-22T21:05:08","Managed Area","1784754310210","2026-07-22T21:05:10","43","0","0","0","0","0","1789","1370","487","1593","1","0"
"2026-07-22T22:03:31","Managed Area","1784757813841","2026-07-22T22:03:33","43","2","0","0","0","8834","4217","2131","197","1593","1","0"
"2026-07-22T23:11:11","Managed Area","1784761872234","2026-07-22T23:11:12","32","0","0","3","0","0","0","1095","0","1593","1","0"
"2026-07-23T00:11:51","Managed Area","1784765512890","2026-07-23T00:11:52","26","0","0","0","0","0","797","0","219","1593","1","0"
"2026-07-23T03:40:59","Managed Area","1784778060578","2026-07-23T03:41:00","12","0","0","0","0","0","1542","0","0","1593","1","0"
"2026-07-23T06:17:34","Managed Area","1784787456016","2026-07-23T06:17:36","12","0","0","0","0","0","0","0","0","1593","1","0"
"2026-07-23T08:46:01","Managed Area","1784796363335","2026-07-23T08:46:03","11","0","0","0","0","8112","0","0","183","5322","1","1"
"2026-07-23T10:52:24","Managed Area","1784803945982","2026-07-23T10:52:25","34","0","0","0","0","1010","0","0","296","1593","1","0"
"2026-07-23T12:15:28","Managed Area","1784808929930","2026-07-23T12:15:29","33","0","0","0","0","71","4303","336","0","1593","1","0"
"2026-07-23T14:32:28","Managed Area","1784817150115","2026-07-23T14:32:30","27","2","0","0","0","13476","5337","223","0","1593","1","0"
"2026-07-23T16:09:20","Managed Area","1784822962528","2026-07-23T16:09:22","26","0","0","0","0","1523","0","0","297","1593","1","0"
"2026-07-23T17:42:56","Managed Area","1784828578054","2026-07-23T17:42:58","35","0","0","0","0","0","431","2085","0","1593","1","0"
"2026-07-23T18:48:47","Managed Area","1784832528865","2026-07-23T18:48:48","34","2","0","0","3.5","12589","464","0","637","1593","1","0"
"2026-07-23T20:01:54","Managed Area","1784836915300","2026-07-23T20:01:55","37","0","0","0","0","2323","3860","0","215","1593","1","0"
"2026-07-23T21:09:34","Managed Area","1784840976445","2026-07-23T21:09:36","55","0","0","0","0","13885","586","2900","686","1593","1","0"
"2026-07-23T22:12:01","Managed Area","1784844723538","2026-07-23T22:12:03","41","0","0","0","0","0","2883","820","595","1593","1","0"
"2026-07-23T23:09:45","Managed Area","1784848186779","2026-07-23T23:09:46","27","0","0","0","0","5638","0","0","781","1593","1","0"
"2026-07-24T00:08:05","Managed Area","1784851686339","2026-07-24T00:08:06","31","0","0","0","0","0","2482","0","0","1593","1","0"
"2026-07-24T03:37:16","Managed Area","1784864237852","2026-07-24T03:37:17","15","0","0","0","0","0","598","1791","0","1593","1","0"
"2026-07-24T06:11:34","Managed Area","1784873495959","2026-07-24T06:11:35","13","0","0","0","0","0","0","0","0","1593","1","0"
"2026-07-24T08:39:47","Managed Area","1784882388262","2026-07-24T08:39:48","5","0","0","0","0","7743","0","367","0","1593","1","0"
"2026-07-24T10:36:37","Managed Area","1784889398572","2026-07-24T10:36:38","28","0","0","0","0","1010","0","0","0","1593","1","0"
"2026-07-24T12:04:56","Managed Area","1784894699173","2026-07-24T12:04:59","35","0","2.5","0","0","7604","1336","487","0","1593","1","0"
"2026-07-24T14:04:32","Managed Area","1784901873472","2026-07-24T14:04:33","30","0","5","0","0","0","3676","3125","0","1593","1","0"
"2026-07-24T15:36:43","Managed Area","1784907404543","2026-07-24T15:36:44","52","0","0","3","0","0","0","331","0","1593","1","0"
"2026-07-24T17:09:25","Managed Area","1784912968009","2026-07-24T17:09:28","41","0","0","0","0","0","797","241","0","1593","1","0"
"2026-07-24T18:42:30","Managed Area","1784918551720","2026-07-24T18:42:31","41","0","2.5","0","0","0","5433","0","179","1593","1","0"
"2026-07-24T20:01:04","Managed Area","1784923265320","2026-07-24T20:01:05","34","0","0","0","0","0","5612","9452","162","1593","1","1"
"2026-07-24T21:06:30","Managed Area","1784927191270","2026-07-24T21:06:31","37","2","0","0","0","5331","1502","1026","986","1593","1","0"
"2026-07-24T22:14:45","Managed Area","1784931286421","2026-07-24T22:14:46","42","0","0","0","0","12042","8813","384","222","1593","1","0"
"2026-07-24T23:16:18","Managed Area","1784934979941","2026-07-24T23:16:19","37","0","0","0","0","0","1783","584","0","1593","1","0"
"2026-07-25T00:15:18","Managed Area","1784938520415","2026-07-25T00:15:20","30","2","0","0","0","3898","0","339","196","1593","1","0"
"2026-07-25T03:37:15","Managed Area","1784950637325","2026-07-25T03:37:17","14","0","0","0","0","0","0","0","0","1593","1","0"
"2026-07-25T06:02:51","Managed Area","1784959372437","2026-07-25T06:02:52","8","0","0","0","0","0","0","893","0","1593","1","0"
"2026-07-25T08:18:24","Managed Area","1784967506421","2026-07-25T08:18:26","3","0","0","0","0","0","0","0","0","5278","1","3"
"2026-07-25T10:01:31","Managed Area","1784973692935","2026-07-25T10:01:32","13","0","0","0","0","0","0","0","0","1593","1","0"
"2026-07-25T11:14:08","Managed Area","1784978049828","2026-07-25T11:14:09","23","0","0","0","0","0","3492","0","535","1593","1","0"
"2026-07-25T12:09:19","Managed Area","1784981361444","2026-07-25T12:09:21","20","2","0","3","0","4481","963","6956","0","1593","1","2"
"2026-07-25T13:58:16","Managed Area","1784987897684","2026-07-25T13:58:17","57","0","0","0","0","0","8759","636","0","1593","1","0"
"2026-07-25T14:58:32","Managed Area","1784991513743","2026-07-25T14:58:33","42","4","0","0","0","13596","674","0","364","1593","1","0"
"2026-07-25T16:00:35","Managed Area","1784995237281","2026-07-25T16:00:37","40","0","0","0","0","2625","0","0","157","1999","1","0"
"2026-07-25T16:59:13","Managed Area","1784998754632","2026-07-25T16:59:14","33","0","5","0","0","0","3492","0","0","1999","1","0"
"2026-07-25T17:56:48","Managed Area","1785002210058","2026-07-25T17:56:50","29","2","0","0","0","6802","0","0","0","1999","1","0"
"2026-07-25T18:53:46","Managed Area","1785005627906","2026-07-25T18:53:47","32","0","0","0","0","3125","3309","811","171","1999","1","0"
"2026-07-25T20:01:46","Managed Area","1785009707605","2026-07-25T20:01:47","23","0","0","0","0","2129","0","0","177","1999","1","0"
"2026-07-25T20:57:32","Managed Area","1785013054218","2026-07-25T20:57:34","32","0","0","0","0","261","0","671","0","1999","1","0"
"2026-07-25T21:46:36","Managed Area","1785015997431","2026-07-25T21:46:37","33","0","0","0","0","14166","0","410","217","1999","1","0"
"2026-07-25T22:38:45","Managed Area","1785019126457","2026-07-25T22:38:46","36","0","0","0","0","3342","1456","0","0","1999","1","0"
"2026-07-25T23:38:05","Managed Area","1785022687161","2026-07-25T23:38:07","28","0","0","0","0","0","261","704","169","1999","1","0"
"2026-07-26T01:11:09","Managed Area","1785028271365","2026-07-26T01:11:11","24","0","0","0","0","0","138","233","183","1999","1","0"
"2026-07-26T04:37:31","Managed Area","1785040653257","2026-07-26T04:37:33","10","0","0","0","0","0","0","0","0","1999","1","0"
"2026-07-26T07:14:55","Managed Area","1785050097158","2026-07-26T07:14:57","4","0","0","0","0","0","0","0","175","1999","1","0"
"2026-07-26T09:23:45","Managed Area","1785057827272","2026-07-26T09:23:47","17","0","0","0","0","0","0","0","0","1999","1","0"
"2026-07-26T11:53:53","Managed Area","1785066835401","2026-07-26T11:53:55","20","0","0","0","0","0","524","0","270","6777","1","1"
"2026-07-26T12:47:23","Managed Area","1785070045407","2026-07-26T12:47:25","14","0","0","0","0","2492","222","510","0","1999","1","0"
"2026-07-26T14:17:28","Managed Area","1785075449900","2026-07-26T14:17:29","10","4","0","0","0","6618","410","309","0","1999","1","0"
"2026-07-26T15:31:06","Managed Area","1785079868779","2026-07-26T15:31:08","19","0","0","0","0","1420","0","0","0","1999","1","0"
"2026-07-26T16:30:17","Managed Area","1785083418930","2026-07-26T16:30:18","24","0","0","0","0","0","2361","0","0","1999","1","0"
"2026-07-26T17:32:25","Managed Area","1785087146737","2026-07-26T17:32:26","26","0","0","0","0","0","0","0","0","1999","1","0"
"2026-07-26T18:33:56","Managed Area","1785090837818","2026-07-26T18:33:57","26","0","0","0","0","9976","0","3309","0","1999","1","1"
"2026-07-26T19:45:42","Managed Area","1785095144079","2026-07-26T19:45:44","28","0","0","3","0","0","3140","1134","0","1999","1","0"
"2026-07-26T20:37:17","Managed Area","1785098239124","2026-07-26T20:37:19","20","0","0","0","0","0","1636","1551","0","1999","1","0"
"2026-07-26T21:32:10","Managed Area","1785101531713","2026-07-26T21:32:11","29","0","0","0","0","592","941","0","0","1999","1","0"
"2026-07-26T22:31:30","Managed Area","1785105091785","2026-07-26T22:31:31","34","8","0","0","0","15958","0","1469","200","1999","1","0"
"2026-07-26T23:29:51","Managed Area","1785108592326","2026-07-26T23:29:52","32","0","0","0","0","0","2656","260","184","1999","1","0"
"2026-07-27T01:08:19","Managed Area","1785114501533","2026-07-27T01:08:21","13","0","0","0","0","0","0","358","166","1999","1","0"
"2026-07-27T04:48:41","Managed Area","1785127722352","2026-07-27T04:48:42","10","0","0","0","0","0","0","0","0","1593","1","0"
"2026-07-27T08:16:20","Managed Area","1785140181524","2026-07-27T08:16:21","7","0","0","0","0","1876","667","0","0","1593","1","0"
"2026-07-27T11:40:47","Managed Area","1785152449000","2026-07-27T11:40:49","39","0","0","0","0","5622","8089","7905","0","1593","1","1"
"2026-07-27T13:56:39","Managed Area","1785160601263","2026-07-27T13:56:41","28","0","0","0","0","0","621","6985","5882","1593","1","2"
"2026-07-27T16:07:59","Managed Area","1785168481154","2026-07-27T16:08:01","27","0","0","0","0","0","0","0","0","1593","1","0"
"2026-07-27T17:51:46","Managed Area","1785174707520","2026-07-27T17:51:47","38","0","0","0","0","7353","1393","0","0","1593","1","0"
"2026-07-27T19:03:30","Managed Area","1785179012069","2026-07-27T19:03:32","44","4","0","3","0","15663","9298","672","401","1593","1","0"
"2026-07-27T20:37:36","Managed Area","1785184657608","2026-07-27T20:37:37","31","0","0","0","0","0","4228","788","0","1593","1","0"
"2026-07-27T21:43:53","Managed Area","1785188635464","2026-07-27T21:43:55","48","0","0","0","0","21840","1807","2291","0","1593","1","0"
"2026-07-27T23:42:27","Managed Area","1785195749174","2026-07-27T23:42:29","16","0","0","0","0","0","0","0","0","1593","1","0"
"2026-07-28T01:02:01","Managed Area","1785200523654","2026-07-28T01:02:03","16","0","0","0","3.5","0","0","0","259","1593","1","0"
"2026-07-28T04:14:00","Managed Area","1785212041963","2026-07-28T04:14:01","6","0","0","0","0","0","0","653","0","1593","1","0"
"2026-07-28T06:39:49","Managed Area","1785220791148","2026-07-28T06:39:51","3","0","0","0","0","0","0","0","0","1593","1","0"
"2026-07-28T09:21:04","Managed Area","1785230465430","2026-07-28T09:21:05","8","0","0","0","0","0","0","0","0","5278","1","3"
"2026-07-28T11:30:43","Managed Area","1785238244763","2026-07-28T11:30:44","36","0","2.5","0","0","1010","3309","3516","826","1593","1","0"
"2026-07-28T13:09:56","Managed Area","1785244197587","2026-07-28T13:09:57","36","0","2.5","0","0","8089","6502","8089","792","1593","1","1"
"2026-07-28T15:30:33","Managed Area","1785252634837","2026-07-28T15:30:34","20","0","0","0","0","728","0","0","0","1593","1","0"
"2026-07-28T16:58:21","Managed Area","1785257902262","2026-07-28T16:58:22","44","0","0","3","0","6802","4437","1516","709","1593","1","0"
"2026-07-28T18:10:01","Managed Area","1785262202365","2026-07-28T18:10:02","27","0","2.5","0","0","8231","12845","587","0","1593","1","0"
"2026-07-28T19:49:03","Managed Area","1785268144772","2026-07-28T19:49:04","35","0","0","0","0","0","8089","297","3125","1593","1","1"
"2026-07-28T20:50:02","Managed Area","1785271804153","2026-07-28T20:50:04","40","0","0","0","0","814","0","3116","251","1593","1","0"
"2026-07-28T21:49:23","Managed Area","1785275364897","2026-07-28T21:49:24","53","0","0","0","0","15096","0","1251","1010","1593","1","0"
"2026-07-28T22:44:02","Managed Area","1785278644624","2026-07-28T22:44:04","45","0","0","0","0","6455","0","0","282","1593","1","0"
"2026-07-28T23:40:21","Managed Area","1785282022965","2026-07-28T23:40:22","24","0","0","0","0","0","0","0","0","1593","1","0"
"2026-07-29T01:05:24","Managed Area","1785287126222","2026-07-29T01:05:26","22","0","0","0","0","0","4178","0","0","1593","1","0"
"2026-07-29T04:21:03","Managed Area","1785298864421","2026-07-29T04:21:04","8","0","0","0","0","0","0","0","0","1593","1","0"
"2026-07-29T07:07:48","Managed Area","1785308869620","2026-07-29T07:07:49","7","0","0","0","0","0","0","0","0","1593","1","0"
"2026-07-29T09:46:17","Managed Area","1785318379493","2026-07-29T09:46:19","13","0","0","0","0","1435","0","433","0","1593","1","0"
"2026-07-29T11:49:12","Managed Area","1785325753444","2026-07-29T11:49:13","40","0","0","0","0","8089","8089","384","0","1593","1","0"
"2026-07-29T13:26:02","Managed Area","1785331564081","2026-07-29T13:26:04","30","0","0","3","0","0","3804","2852","0","1593","1","0"
"2026-07-29T15:24:49","Managed Area","1785338691293","2026-07-29T15:24:51","40","0","0","3","0","0","0","484","0","1593","1","0"
"2026-07-29T16:43:24","Managed Area","1785343406268","2026-07-29T16:43:26","40","0","0","0","0","0","0","3125","199","1665","1","0"
"2026-07-29T17:54:07","Managed Area","1785347648983","2026-07-29T17:54:08","29","0","0","0","0","1108","788","0","0","1593","1","0"
"2026-07-29T18:44:55","Managed Area","1785350696571","2026-07-29T18:44:56","27","0","0","0","0","8259","4526","591","4481","1593","1","1"
"2026-07-29T20:01:06","Managed Area","1785355268014","2026-07-29T20:01:08","34","0","0","0","0","0","701","5698","0","1593","1","0"
"2026-07-29T20:58:52","Managed Area","1785358733929","2026-07-29T20:58:53","47","0","0","0","0","0","1010","0","260","1593","1","0"
"2026-07-29T21:57:11","Managed Area","1785362232676","2026-07-29T21:57:12","38","0","0","0","0","7904","0","568","1570","1593","1","1"
"2026-07-29T22:53:40","Managed Area","1785365621279","2026-07-29T22:53:41","43","0","0","0","0","220","4606","0","0","1593","1","0"
"2026-07-29T23:47:29","Managed Area","1785368850408","2026-07-29T23:47:30","26","0","0","0","0","0","0","0","230","1593","1","0"
"2026-07-30T01:03:19","Managed Area","1785373400708","2026-07-30T01:03:20","20","0","0","0","0","0","0","0","0","1593","1","0"
"2026-07-30T04:12:11","Managed Area","1785384733019","2026-07-30T04:12:13","13","0","0","0","0","0","0","0","0","1593","1","0"
"2026-07-30T06:39:18","Managed Area","1785393560092","2026-07-30T06:39:20","4","0","0","0","0","0","0","0","0","1593","1","0"
"2026-07-30T09:16:49","Managed Area","1785403011068","2026-07-30T09:16:51","9","0","0","0","0","0","0","0","0","5322","1","1"
"2026-07-30T11:21:33","Managed Area","1785410494687","2026-07-30T11:21:34","29","0","0","0","0","0","0","223","343","1593","1","0"
"2026-07-30T12:56:31","Managed Area","1785416192909","2026-07-30T12:56:32","43","0","0","0","0","0","0","0","3309","1593","1","1"
"2026-07-30T15:01:55","Managed Area","1785423716307","2026-07-30T15:01:56","32","0","0","0","0","0","0","3492","0","1548","1","1"
"2026-07-30T16:39:05","Managed Area","1785429546275","2026-07-30T16:39:06","25","0","2.5","9","0","0","3676","3125","0","1548","1","0"
"2026-07-30T18:00:51","Managed Area","1785434453439","2026-07-30T18:00:53","37","0","0","0","0","6802","1213","797","160","1548","1","0"
"2026-07-30T19:27:57","Managed Area","1785439679285","2026-07-30T19:27:59","44","0","2.5","0","0","0","8133","8089","222","1548","1","1"
"2026-07-30T20:40:49","Managed Area","1785444050794","2026-07-30T20:40:50","45","0","0","3","0","0","0","5214","0","1548","1","0"
"2026-07-30T21:47:19","Managed Area","1785448040785","2026-07-30T21:47:20","46","0","0","0","0","8368","629","603","210","1593","1","0"
"2026-07-30T22:47:19","Managed Area","1785451641213","2026-07-30T22:47:21","37","0","0","0","0","0","278","0","288","1548","1","0"
"2026-07-30T23:43:37","Managed Area","1785455018656","2026-07-30T23:43:38","21","0","0","0","0","1640","0","0","0","1548","1","0"
"2026-07-31T01:13:01","Managed Area","1785460382720","2026-07-31T01:13:02","19","0","0","0","0","0","0","0","0","1548","1","0"
"2026-07-31T04:37:40","Managed Area","1785472662211","2026-07-31T04:37:42","12","0","0","0","0","0","0","0","0","1548","1","0"
"2026-07-31T07:28:05","Managed Area","1785482886495","2026-07-31T07:28:06","4","0","0","0","0","0","0","0","0","1593","1","0"
"2026-07-31T10:03:54","Managed Area","1785492236372","2026-07-31T10:03:56","17","0","0","0","0","0","0","0","0","1548","1","0"
"2026-07-31T12:07:10","Managed Area","1785499631860","2026-07-31T12:07:11","31","0","2.5","0","0","205","5178","485","2170","1593","1","1"
"2026-07-31T14:29:22","Managed Area","1785508163537","2026-07-31T14:29:23","39","0","0","0","0","8089","8089","0","0","1593","1","1"
"2026-07-31T16:15:47","Managed Area","1785514549007","2026-07-31T16:15:49","24","0","0","0","0","0","0","150","157","1999","1","0"
"2026-07-31T17:52:42","Managed Area","1785520363710","2026-07-31T17:52:43","39","0","0","0","0","0","13420","1042","0","1999","1","0"
"2026-07-31T18:59:42","Managed Area","1785524383374","2026-07-31T18:59:43","41","0","0","6","0","1449","0","7065","645","1999","1","0"
"2026-07-31T20:19:11","Managed Area","1785529152294","2026-07-31T20:19:12","29","0","2.5","0","0","4625","7369","1081","0","1954","1","0"
"2026-07-31T21:32:06","Managed Area","1785533527955","2026-07-31T21:32:07","48","0","0","3","0","0","417","3716","0","1999","1","0"
"2026-07-31T22:33:11","Managed Area","1785537192061","2026-07-31T22:33:12","49","0","0","0","0","0","191","0","1041","1999","1","1"
"2026-07-31T23:33:11","Managed Area","1785540792978","2026-07-31T23:33:12","33","0","0","0","0","4468","558","287","0","1954","1","0"
"2026-08-01T01:06:26","Managed Area","1785546387538","2026-08-01T01:06:27","33","0","0","0","0","9605","0","0","0","1999","1","0"
"2026-08-01T04:28:34","Managed Area","1785558516038","2026-08-01T04:28:36","8","0","0","0","0","0","249","0","263","1954","1","0"
"2026-08-01T07:01:12","Managed Area","1785567673890","2026-08-01T07:01:13","7","0","0","0","0","0","0","0","0","1954","1","0"
"2026-08-01T09:07:38","Managed Area","1785575259318","2026-08-01T09:07:39","8","0","0","0","0","2997","0","1238","0","5684","1","3"
"2026-08-01T10:45:53","Managed Area","1785581154266","2026-08-01T10:45:54","16","0","0","0","0","0","0","0","0","1300","1","0"
"2026-08-01T11:47:20","Managed Area","1785584841659","2026-08-01T11:47:21","25","2","0","0","0","8089","442","0","337","1345","1","0"
"2026-08-01T12:41:40","Managed Area","1785588101881","2026-08-01T12:41:41","28","0","0","0","0","0","0","3309","0","1345","1","0"
"2026-08-01T14:09:32","Managed Area","1785593373403","2026-08-01T14:09:33","34","0","2.5","0","0","0","6268","1367","418","1345","1","0"
"2026-08-01T15:13:50","Managed Area","1785597231408","2026-08-01T15:13:51","32","0","0","0","0","0","1087","379","0","1300","1","0"
"2026-08-01T16:11:58","Managed Area","1785600719251","2026-08-01T16:11:59","28","0","0","0","0","5748","0","728","0","1345","1","0"
"2026-08-01T17:12:20","Managed Area","1785604342775","2026-08-01T17:12:22","32","0","0","0","0","17071","0","0","172","1300","1","0"
"2026-08-01T18:09:29","Managed Area","1785607771221","2026-08-01T18:09:31","20","0","0","0","0","0","959","0","0","1300","1","0"
"2026-08-01T19:23:51","Managed Area","1785612232836","2026-08-01T19:23:52","28","0","0","0","0","215","449","0","0","1300","1","0"
"2026-08-01T20:16:28","Managed Area","1785615390102","2026-08-01T20:16:30","29","0","0","0","0","123","1134","0","238","5816","1","1"
"2026-08-01T21:10:15","Managed Area","1785618616544","2026-08-01T21:10:16","23","0","0","0","0","1780","830","26","0","5816","1","1"
"2026-08-01T22:08:11","Managed Area","1785622092594","2026-08-01T22:08:12","27","2","0","0","0","27930","1989","24","196","1345","1","0"
"2026-08-01T23:06:06","Managed Area","1785625568104","2026-08-01T23:06:08","29","0","0","0","0","377","0","523","0","1300","1","0"
"2026-08-02T00:06:07","Managed Area","1785629168658","2026-08-02T00:06:08","30","0","0","0","0","261","0","611","0","1345","1","0"
"2026-08-02T03:44:50","Managed Area","1785642292131","2026-08-02T03:44:52","19","0","0","0","0","0","0","451","0","1300","1","0"
"2026-08-02T06:20:39","Managed Area","1785651640289","2026-08-02T06:20:40","5","0","0","0","0","223","0","2058","0","1300","1","0"
"2026-08-02T08:39:41","Managed Area","1785659983149","2026-08-02T08:39:43","8","0","0","0","0","0","0","0","181","1345","1","0"
"2026-08-02T10:17:45","Managed Area","1785665866241","2026-08-02T10:17:46","9","0","0","0","0","0","0","392","218","1300","1","0"
"2026-08-02T11:35:36","Managed Area","1785670537414","2026-08-02T11:35:37","18","0","0","0","0","0","1734","0","0","1300","1","0"
"2026-08-02T12:38:10","Managed Area","1785674291408","2026-08-02T12:38:11","20","0","0","0","0","905","0","0","0","1300","1","0"
"2026-08-02T14:11:24","Managed Area","1785679885549","2026-08-02T14:11:25","29","0","0","0","0","0","209","443","197","1345","1","0"
"2026-08-02T15:16:49","Managed Area","1785683810855","2026-08-02T15:16:50","15","0","0","0","0","0","0","379","342","1345","1","0"
"2026-08-02T16:13:52","Managed Area","1785687233493","2026-08-02T16:13:53","32","0","0","0","0","4544","0","728","280","1300","1","0"
"2026-08-02T17:14:17","Managed Area","1785690859198","2026-08-02T17:14:19","20","0","0","0","0","0","261","0","175","1345","1","0"
"2026-08-02T18:10:31","Managed Area","1785694232985","2026-08-02T18:10:32","28","0","0","0","0","0","0","0","0","1345","1","0"
"2026-08-02T19:30:55","Managed Area","1785699057571","2026-08-02T19:30:57","20","0","0","3","0","2149","0","303","0","1300","1","0"
"2026-08-02T20:28:30","Managed Area","1785702512157","2026-08-02T20:28:32","24","0","0","0","0","0","0","468","698","1345","1","0"
"2026-08-02T21:23:16","Managed Area","1785705797832","2026-08-02T21:23:17","32","0","0","0","0","3671","3585","0","0","1345","1","0"
"2026-08-02T22:14:16","Managed Area","1785708857183","2026-08-02T22:14:17","37","2","0","0","0","3410","0","861","0","1345","1","0"
"2026-08-02T23:10:55","Managed Area","1785712256878","2026-08-02T23:10:56","32","0","0","0","0","5342","223","0","0","1345","1","0"
"2026-08-03T00:09:01","Managed Area","1785715743932","2026-08-03T00:09:03","23","0","0","0","0","114","0","712","0","1300","1","0"
"2026-08-03T03:49:00","Managed Area","1785728942171","2026-08-03T03:49:02","13","0","0","0","0","0","0","0","185","894","1","0"
"2026-08-03T06:47:43","Managed Area","1785739665211","2026-08-03T06:47:45","7","0","0","0","0","5947","0","0","0","894","1","0"
"2026-08-03T10:27:30","Managed Area","1785752851966","2026-08-03T10:27:31","32","0","0","0","0","655","0","391","0","939","1","0"
"2026-08-03T13:23:19","Managed Area","1785763400285","2026-08-03T13:23:20","33","0","0","0","0","3041","8089","809","0","894","1","1"
"2026-08-03T15:58:25","Managed Area","1785772706191","2026-08-03T15:58:26","32","0","0","0","0","0","696","206","197","894","1","0"
"2026-08-03T17:46:49","Managed Area","1785779210625","2026-08-03T17:46:50","41","0","0","0","0","0","0","3860","154","939","1","0"
"2026-08-03T19:10:30","Managed Area","1785784231773","2026-08-03T19:10:31","49","0","0","0","0","10524","773","3125","0","939","1","0"
"2026-08-03T20:38:11","Managed Area","1785789492205","2026-08-03T20:38:12","42","0","0","0","0","0","0","2282","0","894","1","0"
"2026-08-03T21:45:12","Managed Area","1785793513620","2026-08-03T21:45:13","49","0","0","0","3.5","6829","754","4442","341","939","1","0"
"2026-08-03T22:40:47","Managed Area","1785796848839","2026-08-03T22:40:48","39","0","0","0","0","0","2712","228","0","894","1","0"
"2026-08-03T23:44:25","Managed Area","1785800666563","2026-08-03T23:44:26","22","0","0","0","0","0","0","260","340","939","1","0"
"2026-08-04T01:06:05","Managed Area","1785805566399","2026-08-04T01:06:06","26","0","0","0","0","0","0","0","0","894","1","0"
"2026-08-04T06:45:19","Managed Area","1785825920984","2026-08-04T06:45:20","8","0","0","0","0","0","0","0","0","939","1","0"
"2026-08-04T09:29:21","Managed Area","1785835762749","2026-08-04T09:29:22","12","0","0","0","0","0","0","0","0","4579","1","3"
"2026-08-04T15:39:24","Managed Area","1785857965804","2026-08-04T15:39:25","32","0","0","0","0","0","655","0","0","939","1","0"
"2026-08-04T17:16:35","Managed Area","1785863796316","2026-08-04T17:16:36","40","0","0","3","0","0","0","3450","286","939","1","0"
"2026-08-04T18:53:59","Managed Area","1785869641319","2026-08-04T18:54:01","34","0","2.5","0","0","8089","5439","0","287","939","1","0"
"2026-08-04T20:14:48","Managed Area","1785874490041","2026-08-04T20:14:50","43","0","0","0","0","0","2492","4565","384","939","1","0"
"2026-08-04T21:35:46","Managed Area","1785879347521","2026-08-04T21:35:47","37","0","2.5","0","0","3560","1837","2543","2185","939","1","0"
"2026-08-04T23:38:25","Managed Area","1785886706797","2026-08-04T23:38:26","23","0","0","0","0","0","0","826","0","939","1","0"
"2026-08-05T00:59:39","Managed Area","1785891580958","2026-08-05T00:59:40","17","0","0","0","0","3122","0","0","0","939","1","0"
"2026-08-05T04:06:56","Managed Area","1785902817143","2026-08-05T04:06:57","7","0","0","0","0","0","0","0","0","939","1","0"
"2026-08-05T06:37:50","Managed Area","1785911871251","2026-08-05T06:37:51","5","0","0","0","0","0","0","0","0","939","1","0"
"2026-08-05T09:21:42","Managed Area","1785921704116","2026-08-05T09:21:44","16","0","0","0","0","3679","0","0","0","939","1","0"
"2026-08-05T11:32:41","Managed Area","1785929563077","2026-08-05T11:32:43","37","0","0","0","0","0","0","192","0","939","1","0"
"2026-08-05T13:13:14","Managed Area","1785935595901","2026-08-05T13:13:15","32","0","0","0","0","0","8089","6275","443","939","1","2"
"2026-08-05T15:26:10","Managed Area","1785943571217","2026-08-05T15:26:11","42","0","0","0","0","0","1994","530","401","629","1","0"
"2026-08-05T16:57:54","Managed Area","1785949075920","2026-08-05T16:57:55","48","0","0","6","0","0","1414","4243","0","629","1","0"
"2026-08-05T18:16:17","Managed Area","1785953778669","2026-08-05T18:16:18","47","0","0","3","0","8089","1382","3125","212","629","1","1"
"2026-08-05T19:55:44","Managed Area","1785959745482","2026-08-05T19:55:45","42","0","0","0","3.5","241","5607","5506","4969","1288","2","2"
"2026-08-05T20:54:21","Managed Area","1785963262930","2026-08-05T20:54:22","50","0","0","6","0","0","4613","8231","4920","1288","2","3"
"2026-08-05T22:01:23","Managed Area","1785967284925","2026-08-05T22:01:24","49","0","2.5","0","14","153","1865","2938","8008","1288","2","3"
"2026-08-05T23:03:18","Managed Area","1785970999608","2026-08-05T23:03:19","30","0","0","0","3.5","0","4856","0","1601","1288","2","2"
"2026-08-06T00:05:20","Managed Area","1785974721591","2026-08-06T00:05:21","33","0","0","0","0","0","0","859","296","1288","2","1"
"2026-08-06T03:28:37","Managed Area","1785986918959","2026-08-06T03:28:38","10","0","0","0","0","2195","0","0","243","629","2","0"
"2026-08-06T06:09:41","Managed Area","1785996582848","2026-08-06T06:09:42","8","0","0","0","0","0","0","0","0","629","2","0"
"2026-08-06T08:50:35","Managed Area","1786006236394","2026-08-06T08:50:36","8","0","0","0","0","2368","0","0","0","4358","2","1"
"2026-08-06T11:08:25","Managed Area","1786014506660","2026-08-06T11:08:26","42","0","0","0","3.5","0","914","2292","1028","629","2","1"
"2026-08-06T13:01:26","Managed Area","1786021287933","2026-08-06T13:01:27","34","0","0","3","0","10581","0","4694","0","629","2","1"
"2026-08-06T15:20:27","Managed Area","1786029628835","2026-08-06T15:20:28","43","0","0","0","0","0","262","568","173","629","2","0"
"2026-08-07T00:20:25","Managed Area","1786062026745","2026-08-07T00:20:26","30","0","0","0","0","0","354","314","0","629","3","0"
"2026-08-07T03:19:49","Managed Area","1786072791142","2026-08-07T03:19:51","10","0","0","0","0","0","3555","0","0","629","3","0"
"2026-08-07T05:05:49","Managed Area","1786079151033","2026-08-07T05:05:51","6","0","0","0","0","4049","0","0","0","629","3","0"
"2026-08-07T06:13:26","Managed Area","1786083207400","2026-08-07T06:13:27","7","0","0","0","0","0","0","0","0","629","3","0"
"2026-08-07T07:39:36","Managed Area","1786088377721","2026-08-07T07:39:37","5","0","0","0","0","0","0","0","0","629","3","0"
"2026-08-07T08:37:16","Managed Area","1786091837961","2026-08-07T08:37:17","10","0","0","0","0","0","0","0","0","629","3","0"
"2026-08-07T09:36:29","Managed Area","1786095392819","2026-08-07T09:36:32","11","0","0","0","0","0","0","0","0","629","3","0"
"2026-08-07T10:29:05","Managed Area","1786098546864","2026-08-07T10:29:06","33","0","0","0","0","0","0","0","0","629","3","0"
"2026-08-07T11:20:51","Managed Area","1786101652560","2026-08-07T11:20:52","38","0","0","0","0","155","971","192","275","629","3","0"
"2026-08-07T12:00:54","Managed Area","1786104055995","2026-08-07T12:00:55","30","0","0","6","0","4963","0","3921","362","629","3","0"
"2026-08-07T13:07:32","Managed Area","1786108053550","2026-08-07T13:07:33","33","0","2.5","0","0","0","3492","0","0","629","3","0"
"2026-08-07T14:16:53","Managed Area","1786112214656","2026-08-07T14:16:54","33","0","0","0","0","0","6058","883","175","629","3","0"
"2026-08-07T15:09:47","Managed Area","1786115389368","2026-08-07T15:09:49","47","0","0","0","0","0","0","992","0","629","3","0"
"2026-08-07T16:06:05","Managed Area","1786118766884","2026-08-07T16:06:06","37","0","0","0","0","0","728","807","220","629","1","0"
"2026-08-07T17:02:41","Managed Area","1786122163813","2026-08-07T17:02:43","34","0","0","0","0","0","4404","816","488","629","1","0"
"2026-08-07T17:52:32","Managed Area","1786125154104","2026-08-07T17:52:34","37","0","0","0","0","8089","5068","1024","0","629","1","0"
"2026-08-07T18:33:18","Managed Area","1786127599425","2026-08-07T18:33:19","43","0","0","0","0","0","4816","5424","1387","629","1","0"
"2026-08-07T19:32:55","Managed Area","1786131176373","2026-08-07T19:32:56","32","0","0","0","0","0","6900","9162","0","629","1","1"
"2026-08-07T20:08:14","Managed Area","1786133296332","2026-08-07T20:08:16","40","0","0","0","0","0","6305","10812","2037","629","1","1"
"2026-08-07T20:53:37","Managed Area","1786136018524","2026-08-07T20:53:38","54","0","0","6","0","3410","1662","6338","1215","629","1","1"
"2026-08-07T21:24:00","Managed Area","1786137842272","2026-08-07T21:24:02","72","0","0","0","0","1237","797","2920","2147","629","1","0"
"2026-08-07T22:35:44","Managed Area","1786142146225","2026-08-07T22:35:46","48","0","0","0","0","2694","290","2044","0","629","1","0"
"2026-08-07T23:08:25","Managed Area","1786144107004","2026-08-07T23:08:27","33","0","2.5","0","0","156","1392","0","0","629","1","0"
"2026-08-07T23:44:14","Managed Area","1786146256001","2026-08-07T23:44:16","29","0","0","0","0","2047","1212","0","883","629","1","0"
"2026-08-08T00:05:12","Managed Area","1786147514668","2026-08-08T00:05:14","32","0","0","0","0","0","0","332","0","629","1","0"
"2026-08-08T02:10:29","Managed Area","1786155030462","2026-08-08T02:10:30","29","0","0","0","0","0","1897","0","0","629","1","0"
"2026-08-08T03:41:47","Managed Area","1786160508429","2026-08-08T03:41:48","16","0","0","0","0","0","0","0","0","629","1","0"
"2026-08-08T04:37:52","Managed Area","1786163874230","2026-08-08T04:37:54","8","0","0","0","0","0","0","0","0","629","1","0"
"2026-08-08T05:22:33","Managed Area","1786166555196","2026-08-08T05:22:35","15","0","0","0","0","0","0","0","0","629","1","0"
"2026-08-08T06:00:38","Managed Area","1786168840174","2026-08-08T06:00:40","13","0","0","0","0","0","0","0","0","629","1","0"
"2026-08-08T06:55:09","Managed Area","1786172110936","2026-08-08T06:55:10","10","0","0","0","0","0","0","0","271","629","1","0"
"2026-08-08T07:38:26","Managed Area","1786174707438","2026-08-08T07:38:27","11","0","0","0","0","0","1580","0","0","4314","1","3"
"2026-08-08T08:18:24","Managed Area","1786177105405","2026-08-08T08:18:25","8","0","0","0","0","0","0","0","0","4314","1","3"
"2026-08-08T09:03:20","Managed Area","1786179801564","2026-08-08T09:03:21","10","0","0","0","0","0","705","0","0","4314","1","3"
"2026-08-08T09:47:10","Managed Area","1786182432051","2026-08-08T09:47:12","13","0","0","0","0","4840","0","0","0","4314","1","3"
"2026-08-08T10:14:08","Managed Area","1786184050404","2026-08-08T10:14:10","13","0","0","0","0","0","0","1682","0","629","1","0"
"2026-08-08T10:50:33","Managed Area","1786186234823","2026-08-08T10:50:34","17","0","0","0","0","3478","639","0","0","629","1","0"
"2026-08-08T11:13:41","Managed Area","1786187622650","2026-08-08T11:13:42","30","0","0","0","0","0","0","378","0","629","1","0"
"2026-08-08T11:41:20","Managed Area","1786189281522","2026-08-08T11:41:21","26","0","0","0","0","3455","0","168","0","629","1","0"
"2026-08-08T11:59:59","Managed Area","1786190402032","2026-08-08T12:00:02","30","0","0","0","0","6517","636","430","423","629","1","0"
"2026-08-08T12:45:43","Managed Area","1786193144666","2026-08-08T12:45:44","30","0","0","0","0","0","774","0","0","629","1","0"
"2026-08-08T13:32:42","Managed Area","1786195964006","2026-08-08T13:32:44","44","2","2.5","0","0","3309","2718","8871","488","629","1","1"
"2026-08-08T14:07:29","Managed Area","1786198050491","2026-08-08T14:07:30","41","0","0","0","0","7257","2121","1043","239","629","1","0"
"2026-08-08T14:44:02","Managed Area","1786200243266","2026-08-08T14:44:03","41","0","0","0","0","0","772","1205","596","629","1","0"
"2026-08-08T15:03:31","Managed Area","1786201412453","2026-08-08T15:03:32","40","0","0","0","0","0","1569","1907","1070","629","1","0"
"2026-08-08T15:37:15","Managed Area","1786203437749","2026-08-08T15:37:17","52","0","0","0","0","3118","0","2572","0","629","1","0"
"2026-08-08T15:59:22","Managed Area","1786204763776","2026-08-08T15:59:23","40","0","0","0","0","2740","1995","739","253","629","1","0"
"2026-08-08T16:30:17","Managed Area","1786206618721","2026-08-08T16:30:18","39","0","0","0","0","1087","0","245","0","629","1","0"
"2026-08-08T17:02:42","Managed Area","1786208563302","2026-08-08T17:02:43","27","0","0","0","0","0","0","0","287","629","1","0"
"2026-08-08T17:37:07","Managed Area","1786210629230","2026-08-08T17:37:09","23","0","0","0","0","626","0","431","0","629","1","0"
"2026-08-08T18:00:41","Managed Area","1786212042560","2026-08-08T18:00:42","35","0","0","0","0","0","1004","0","0","629","1","0"
"2026-08-08T18:39:06","Managed Area","1786214347833","2026-08-08T18:39:07","33","0","0","0","0","0","0","0","0","629","1","0"
"2026-08-08T19:13:30","Managed Area","1786216412224","2026-08-08T19:13:32","28","0","0","0","0","0","0","0","0","629","1","0"
"2026-08-08T19:43:23","Managed Area","1786218205155","2026-08-08T19:43:25","40","0","0","0","0","20","1600","1020","0","629","1","0"
"2026-08-08T20:01:43","Managed Area","1786219305093","2026-08-08T20:01:45","32","0","0","0","0","0","0","401","845","629","1","0"
"2026-08-08T20:34:30","Managed Area","1786221271439","2026-08-08T20:34:31","24","0","0","0","0","0","2492","219","0","629","1","0"
"2026-08-08T21:01:10","Managed Area","1786222871818","2026-08-08T21:01:11","35","0","0","0","0","5556","0","1131","0","629","1","0"
"2026-08-08T21:33:20","Managed Area","1786224801370","2026-08-08T21:33:21","37","0","0","0","0","5579","2074","803","0","629","1","0"
"2026-08-08T21:57:37","Managed Area","1786226259435","2026-08-08T21:57:39","32","0","0","0","0","7311","0","384","195","629","1","0"
"2026-08-08T22:20:39","Managed Area","1786227640517","2026-08-08T22:20:40","30","0","0","0","0","11976","2991","0","0","629","1","0"
"2026-08-08T22:50:53","Managed Area","1786229455150","2026-08-08T22:50:55","44","0","0","0","0","869","0","0","224","629","1","0"
"2026-08-08T23:12:31","Managed Area","1786230753092","2026-08-08T23:12:33","36","0","0","0","0","0","7577","375","0","629","1","0"
"2026-08-08T23:42:34","Managed Area","1786232555426","2026-08-08T23:42:35","31","0","0","0","0","0","0","221","0","629","1","0"
"2026-08-09T00:01:09","Managed Area","1786233670903","2026-08-09T00:01:10","29","0","0","0","0","0","530","0","0","629","1","0"
"2026-08-09T01:55:38","Managed Area","1786240539249","2026-08-09T01:55:39","18","0","0","0","0","0","0","0","0","629","1","0"
"2026-08-09T03:22:33","Managed Area","1786245755027","2026-08-09T03:22:35","10","0","0","0","0","1103","0","0","0","629","1","0"
"2026-08-09T04:40:50","Managed Area","1786250451494","2026-08-09T04:40:51","14","0","0","0","0","0","1659","458","0","629","1","0"
"2026-08-09T05:32:29","Managed Area","1786253550343","2026-08-09T05:32:30","7","0","0","0","0","0","2434","0","312","629","1","0"
"2026-08-09T06:10:18","Managed Area","1786255820024","2026-08-09T06:10:20","12","0","0","0","0","3861","1989","0","543","629","1","0"
"2026-08-09T07:12:11","Managed Area","1786259532072","2026-08-09T07:12:12","8","0","0","0","0","0","0","0","0","629","1","0"
"2026-08-09T07:59:15","Managed Area","1786262357061","2026-08-09T07:59:17","3","0","0","0","0","0","0","0","0","629","1","0"
"2026-08-09T08:38:46","Managed Area","1786264727611","2026-08-09T08:38:47","6","0","0","0","0","0","0","278","219","629","1","0"
"2026-08-09T09:21:02","Managed Area","1786267263870","2026-08-09T09:21:03","5","0","0","0","0","0","0","0","0","629","1","0"
"2026-08-09T09:59:53","Managed Area","1786269594467","2026-08-09T09:59:54","9","0","0","0","0","0","0","0","0","629","1","0"
"2026-08-09T10:33:40","Managed Area","1786271622414","2026-08-09T10:33:42","6","0","0","0","0","5773","746","0","0","629","1","0"
"2026-08-09T11:03:47","Managed Area","1786273428544","2026-08-09T11:03:48","17","0","0","0","0","5087","0","0","0","629","1","0"
"2026-08-09T11:37:16","Managed Area","1786275437835","2026-08-09T11:37:17","14","0","0","0","0","0","0","1326","0","629","1","0"
"2026-08-09T11:58:44","Managed Area","1786276726094","2026-08-09T11:58:46","21","0","0","0","0","0","0","421","586","629","1","0"
"2026-08-09T12:41:27","Managed Area","1786279288421","2026-08-09T12:41:28","14","0","0","0","0","0","0","0","227","629","1","0"
"2026-08-09T13:34:50","Managed Area","1786282492205","2026-08-09T13:34:52","30","0","0","3","3.5","1320","664","401","166","629","1","0"
"2026-08-09T14:10:00","Managed Area","1786284602122","2026-08-09T14:10:02","31","0","0","0","0","0","0","717","0","629","1","0"
"2026-08-09T14:48:55","Managed Area","1786286937279","2026-08-09T14:48:57","28","0","0","0","0","0","0","241","0","629","1","0"
"2026-08-09T15:14:40","Managed Area","1786288481420","2026-08-09T15:14:41","18","0","0","0","0","728","3403","0","585","629","1","0"
"2026-08-09T15:46:01","Managed Area","1786290363269","2026-08-09T15:46:03","19","0","0","0","0","0","354","0","206","629","1","0"
"2026-08-09T16:04:36","Managed Area","1786291477311","2026-08-09T16:04:37","19","0","0","0","0","0","751","0","204","629","1","0"
"2026-08-09T16:46:59","Managed Area","1786294020566","2026-08-09T16:47:00","16","0","0","0","0","7539","0","0","347","629","1","0"
"2026-08-09T17:16:00","Managed Area","1786295761195","2026-08-09T17:16:01","19","0","0","0","0","0","0","0","0","629","1","0"
"2026-08-09T17:47:37","Managed Area","1786297658905","2026-08-09T17:47:38","21","0","0","0","0","0","0","215","433","629","1","0"
"2026-08-09T18:14:50","Managed Area","1786299291172","2026-08-09T18:14:51","34","0","0","0","0","0","0","0","0","629","1","0"
"2026-08-09T19:00:15","Managed Area","1786302017540","2026-08-09T19:00:17","22","0","0","0","0","0","0","0","0","629","1","0"
"2026-08-09T19:33:07","Managed Area","1786303988003","2026-08-09T19:33:08","22","0","0","0","0","0","0","247","0","629","1","0"
"2026-08-09T19:59:40","Managed Area","1786305581248","2026-08-09T19:59:41","34","0","0","0","0","0","0","830","0","629","1","0"
"2026-08-09T20:30:31","Managed Area","1786307432898","2026-08-09T20:30:32","25","0","0","0","0","6331","0","239","0","629","1","0"
"2026-08-09T21:02:43","Managed Area","1786309379650","2026-08-09T21:02:59","15","0","0","0","0","0","1348","475","0","629","1","0"
"2026-08-09T21:39:18","Managed Area","1786311559269","2026-08-09T21:39:19","30","0","2.5","0","0","0","2561","229","0","629","1","0"
"2026-08-09T22:01:26","Managed Area","1786312887959","2026-08-09T22:01:27","40","0","0","0","0","15883","0","630","0","629","1","0"
"2026-08-09T22:34:30","Managed Area","1786314872014","2026-08-09T22:34:32","30","0","0","0","0","12325","0","741","0","629","1","0"
"2026-08-09T23:02:30","Managed Area","1786316551915","2026-08-09T23:02:31","34","0","0","0","0","0","0","299","0","629","1","0"
"2026-08-09T23:37:04","Managed Area","1786318625612","2026-08-09T23:37:05","22","0","0","0","0","0","0","0","288","629","1","0"
"2026-08-10T00:01:18","Managed Area","1786320080423","2026-08-10T00:01:20","30","0","0","0","3.5","8861","0","902","295","629","1","0"
"2026-08-10T02:02:25","Managed Area","1786327346653","2026-08-10T02:02:26","12","0","0","0","0","0","0","415","0","629","1","0"
"2026-08-10T04:01:56","Managed Area","1786334517220","2026-08-10T04:01:57","7","0","0","0","0","0","0","0","0","629","1","0"
"2026-08-10T05:37:10","Managed Area","1786340231949","2026-08-10T05:37:11","6","0","0","0","0","0","0","0","0","629","1","0"
"2026-08-10T06:53:18","Managed Area","1786344799376","2026-08-10T06:53:19","1","0","0","0","0","0","0","0","0","629","1","0"
"2026-08-10T08:17:45","Managed Area","1786349867034","2026-08-10T08:17:47","8","0","0","0","0","0","0","0","0","629","1","0"
"2026-08-10T09:50:10","Managed Area","1786355412177","2026-08-10T09:50:12","10","0","0","0","0","0","0","0","0","629","1","0"
"2026-08-10T10:50:14","Managed Area","1786359016390","2026-08-10T10:50:16","41","0","0","0","0","0","0","1294","1093","629","1","1"
"2026-08-10T11:35:40","Managed Area","1786361742362","2026-08-10T11:35:42","35","0","0","3","0","0","1187","11356","455","629","1","1"
"2026-08-10T12:25:57","Managed Area","1786364758430","2026-08-10T12:25:58","27","0","0","0","0","0","3860","3125","0","629","0","0"
"2026-08-10T13:50:42","Managed Area","1786369843388","2026-08-10T13:50:43","26","0","2.5","0","0","0","5676","174","0","629","0","0"
"2026-08-10T14:45:44","Managed Area","1786373145005","2026-08-10T14:45:45","33","0","0","0","0","0","8089","424","200","629","0","0"
"2026-08-10T15:38:32","Managed Area","1786376313710","2026-08-10T15:38:33","25","0","0","0","0","0","0","1407","0","629","0","0"
"2026-08-10T16:27:22","Managed Area","1786379243966","2026-08-10T16:27:23","38","0","0","0","0","1816","0","199","394","629","0","0"
"2026-08-10T17:22:58","Managed Area","1786382579924","2026-08-10T17:22:59","30","2","0","0","0","3125","0","588","0","629","0","0"
"2026-08-10T18:07:51","Managed Area","1786385272455","2026-08-10T18:07:52","27","0","2.5","0","0","6985","4327","200","220","629","0","0"
"2026-08-10T19:10:36","Managed Area","1786389037419","2026-08-10T19:10:37","35","0","2.5","0","0","0","7370","536","0","629","0","0"
"2026-08-10T20:37:25","Managed Area","1786394246334","2026-08-10T20:37:26","45","0","0","0","0","0","5369","997","0","629","0","0"
"2026-08-10T21:22:58","Managed Area","1786396979949","2026-08-10T21:22:59","52","0","0","0","0","0","685","1942","1052","629","0","0"
"2026-08-10T22:02:02","Managed Area","1786399324971","2026-08-10T22:02:04","44","0","0","0","0","7237","2474","227","275","629","0","0"
"2026-08-10T23:17:04","Managed Area","1786403825482","2026-08-10T23:17:05","26","0","0","0","0","15953","1840","942","0","629","0","0"
"2026-08-10T23:51:44","Managed Area","1786405905570","2026-08-10T23:51:45","15","2","0","0","0","1974","0","0","0","629","0","0"
"2026-08-11T00:37:39","Managed Area","1786408660799","2026-08-11T00:37:40","24","0","0","0","0","0","0","302","152","629","0","0"
"2026-08-11T02:37:36","Managed Area","1786415857840","2026-08-11T02:37:37","13","0","0","0","0","0","0","820","0","629","0","0"
"2026-08-11T04:04:02","Managed Area","1786421043613","2026-08-11T04:04:03","9","0","0","0","0","0","0","0","0","629","0","0"
"2026-08-11T05:16:19","Managed Area","1786425380703","2026-08-11T05:16:20","5","0","0","0","0","0","0","0","0","629","0","0"
"2026-08-11T06:04:35","Managed Area","1786428277497","2026-08-11T06:04:37","7","0","0","0","0","3480","0","0","0","629","0","0"
"2026-08-11T07:21:16","Managed Area","1786432878252","2026-08-11T07:21:18","4","0","0","0","0","0","0","0","0","629","0","0"
"2026-08-11T08:16:36","Managed Area","1786436198019","2026-08-11T08:16:38","11","0","0","0","0","0","0","0","0","4314","0","3"
"2026-08-11T09:14:50","Managed Area","1786439691397","2026-08-11T09:14:51","8","0","0","0","0","0","0","0","0","4314","0","3"
"2026-08-11T10:10:19","Managed Area","1786443021074","2026-08-11T10:10:21","35","0","0","0","0","0","0","380","0","629","0","0"
"2026-08-11T11:49:58","Managed Area","1786448999553","2026-08-11T11:49:59","36","0","2.5","0","0","0","6653","916","310","629","0","0"
"2026-08-11T12:30:16","Managed Area","1786451418041","2026-08-11T12:30:18","28","0","0","0","0","0","10662","0","800","629","0","0"
"2026-08-11T13:53:51","Managed Area","1786456432406","2026-08-11T13:53:52","30","0","0","0","0","2997","8089","0","789","629","0","0"
"2026-08-11T14:47:12","Managed Area","1786459634124","2026-08-11T14:47:14","33","2","0","0","0","3125","0","0","216","629","0","0"
"2026-08-11T15:41:30","Managed Area","1786462891919","2026-08-11T15:41:31","40","0","0","0","0","0","0","655","208","629","0","0"
"2026-08-11T16:32:28","Managed Area","1786465950084","2026-08-11T16:32:30","36","0","0","0","0","1989","2573","0","205","629","0","0"
"2026-08-11T17:30:25","Managed Area","1786469426446","2026-08-11T17:30:26","24","0","5","0","0","241","3047","3309","124","629","0","1"
"2026-08-11T18:25:07","Managed Area","1786472708884","2026-08-11T18:25:08","26","0","2.5","0","0","0","7845","211","0","629","0","0"
"2026-08-11T19:30:56","Managed Area","1786476657407","2026-08-11T19:30:57","34","0","0","0","0","0","3695","1979","0","629","0","0"
"2026-08-11T20:10:07","Managed Area","1786479009620","2026-08-11T20:10:09","40","0","7.5","0","0","4840","9927","431","235","629","0","0"
"2026-08-11T21:00:10","Managed Area","1786482012001","2026-08-11T21:00:12","48","0","0","0","0","0","5346","1758","201","629","0","0"
"2026-08-11T21:46:40","Managed Area","1786484801669","2026-08-11T21:46:41","59","0","2.5","0","0","0","5229","610","1577","629","0","0"
"2026-08-11T22:24:40","Managed Area","1786487081301","2026-08-11T22:24:41","40","0","0","0","0","5862","0","551","218","629","0","0"
"2026-08-11T23:07:50","Managed Area","1786489671658","2026-08-11T23:07:51","27","0","0","0","0","4325","0","0","505","629","0","0"
"2026-08-11T23:53:30","Managed Area","1786492411546","2026-08-11T23:53:31","26","0","0","0","0","5947","0","612","0","629","0","0"
"2026-08-12T00:44:36","Managed Area","1786495477681","2026-08-12T00:44:37","21","0","0","0","0","0","1029","0","0","629","0","0"
"2026-08-12T03:11:07","Managed Area","1786504268356","2026-08-12T03:11:08","7","0","0","0","0","0","0","0","0","629","0","0"
"2026-08-12T04:58:22","Managed Area","1786510703790","2026-08-12T04:58:23","9","0","0","0","0","0","0","0","0","629","0","0"
"2026-08-12T06:09:13","Managed Area","1786514954858","2026-08-12T06:09:14","4","0","0","0","0","0","0","0","0","629","0","0"
"2026-08-12T07:47:22","Managed Area","1786520843815","2026-08-12T07:47:23","7","0","0","0","0","0","0","0","0","629","0","0"
"2026-08-12T08:52:25","Managed Area","1786524746928","2026-08-12T08:52:26","9","0","0","0","0","0","0","0","0","629","0","0"
"2026-08-12T09:49:46","Managed Area","1786528187245","2026-08-12T09:49:47","13","0","0","0","0","5773","0","0","299","629","0","0"
"2026-08-12T10:44:59","Managed Area","1786531500220","2026-08-12T10:45:00","37","0","0","0","0","0","4106","297","1061","629","0","0"
"2026-08-12T11:30:21","Managed Area","1786534222564","2026-08-12T11:30:22","22","0","2.5","0","0","0","3309","1489","572","629","0","0"
"2026-08-12T12:10:03","Managed Area","1786536604915","2026-08-12T12:10:04","27","0","0","0","0","0","827","3860","0","629","0","0"
"2026-08-12T13:40:33","Managed Area","1786542034381","2026-08-12T13:40:34","30","2","0","0","0","8700","1253","3989","0","629","0","1"
"2026-08-12T14:41:27","Managed Area","1786545688957","2026-08-12T14:41:28","34","0","0","0","3.5","0","504","0","2573","629","0","1"
"2026-08-12T15:35:29","Managed Area","1786548930246","2026-08-12T15:35:30","33","0","0","0","0","5467","0","689","368","629","0","0"
"2026-08-12T16:29:50","Managed Area","1786552192130","2026-08-12T16:29:52","38","0","0","0","0","12745","0","523","0","629","0","0"
"2026-08-12T17:28:27","Managed Area","1786555708263","2026-08-12T17:28:28","36","0","0","0","0","11441","948","433","3842","629","0","1"
"2026-08-12T18:24:35","Managed Area","1786559091763","2026-08-12T18:24:51","29","2","0","0","0","20844","3492","0","0","629","0","0"
"2026-08-12T19:31:38","Managed Area","1786563100142","2026-08-12T19:31:40","46","2","0","0","0","9312","1286","899","255","629","0","0"
"2026-08-12T20:09:14","Managed Area","1786565355509","2026-08-12T20:09:15","45","0","0","0","0","0","0","3125","434","629","0","0"
"2026-08-12T20:58:43","Managed Area","1786568325106","2026-08-12T20:58:45","68","0","0","3","0","4544","1966","5771","0","629","0","1"
"2026-08-12T21:40:59","Managed Area","1786570860596","2026-08-12T21:41:00","50","0","0","0","0","5769","0","2533","921","629","0","0"
"2026-08-12T22:22:52","Managed Area","1786573373355","2026-08-12T22:22:53","42","0","2.5","0","0","0","1514","0","225","629","0","0"
"2026-08-12T23:05:40","Managed Area","1786575941877","2026-08-12T23:05:41","31","0","0","0","0","971","0","650","0","629","0","0"
"2026-08-12T23:52:25","Managed Area","1786578746934","2026-08-12T23:52:26","20","0","0","0","0","2337","0","0","451","629","0","0"
"2026-08-13T00:45:59","Managed Area","1786581960857","2026-08-13T00:46:00","14","0","0","0","0","4544","0","167","0","629","0","0"
"2026-08-13T03:14:44","Managed Area","1786590886381","2026-08-13T03:14:46","9","0","0","0","0","1405","0","0","0","629","0","0"
"2026-08-13T05:04:12","Managed Area","1786597453930","2026-08-13T05:04:13","7","0","0","0","0","0","0","0","0","629","0","0"
"2026-08-13T06:23:01","Managed Area","1786602182911","2026-08-13T06:23:02","8","0","0","0","0","0","0","0","0","629","0","0"
"2026-08-13T07:58:07","Managed Area","1786607888804","2026-08-13T07:58:08","5","0","0","0","0","0","0","0","0","4358","0","1"
"2026-08-13T09:06:01","Managed Area","1786611963002","2026-08-13T09:06:03","9","0","0","0","0","6029","0","0","0","4358","0","1"
"2026-08-13T10:17:57","Managed Area","1786616278036","2026-08-13T10:17:58","27","0","0","0","0","0","436","164","200","629","0","0"
"2026-08-13T11:11:43","Managed Area","1786619504951","2026-08-13T11:11:44","46","0","0","0","0","3428","2492","2160","703","629","0","0"
"2026-08-13T11:57:07","Managed Area","1786622228844","2026-08-13T11:57:08","29","0","0","0","0","8089","0","6393","0","629","0","0"
"2026-08-13T12:51:06","Managed Area","1786625467968","2026-08-13T12:51:07","31","0","0","0","0","8089","357","1030","201","629","0","0"
"2026-08-13T14:10:07","Managed Area","1786630208573","2026-08-13T14:10:08","29","0","0","0","0","8089","780","1562","0","629","0","0"
"2026-08-13T15:11:25","Managed Area","1786633887514","2026-08-13T15:11:27","48","0","0","0","0","1953","8089","839","214","629","0","0"
"2026-08-13T16:08:03","Managed Area","1786637285547","2026-08-13T16:08:05","46","0","0","0","0","0","655","231","0","629","0","0"
"2026-08-13T17:07:55","Managed Area","1786640877555","2026-08-13T17:07:57","35","0","0","0","0","0","558","454","0","629","0","0"
"2026-08-13T18:03:15","Managed Area","1786644196614","2026-08-13T18:03:16","36","0","0","0","0","3860","499","3860","220","1856","0","2"
"2026-08-13T19:13:32","Managed Area","1786648413987","2026-08-13T19:13:33","41","0","0","0","0","5889","7772","0","0","1856","0","2"
"2026-08-13T19:59:22","Managed Area","1786651163975","2026-08-13T19:59:23","35","0","5","0","0","6802","3676","208","0","1856","0","2"
"2026-08-13T20:39:31","Managed Area","1786653572939","2026-08-13T20:39:32","47","0","0","0","3.5","8089","1086","2530","530","629","0","0"
"2026-08-13T21:26:27","Managed Area","1786656388403","2026-08-13T21:26:28","53","0","0","3","0","1989","7081","2180","1545","629","0","0"
"2026-08-13T22:08:31","Managed Area","1786658912834","2026-08-13T22:08:32","44","0","0","0","0","3765","0","1371","0","629","0","0"
"2026-08-13T22:57:13","Managed Area","1786661834974","2026-08-13T22:57:14","30","0","0","0","0","2047","0","558","0","629","0","0"
"2026-08-13T23:32:52","Managed Area","1786663973912","2026-08-13T23:32:53","30","0","0","0","0","6912","0","0","157","629","0","0"
"2026-08-14T00:09:43","Managed Area","1786666184610","2026-08-14T00:09:44","20","0","0","0","0","3595","181","592","0","629","0","0"
"2026-08-14T02:40:59","Managed Area","1786675260964","2026-08-14T02:41:00","14","0","0","0","0","0","0","0","0","629","0","0"
"2026-08-14T04:26:21","Managed Area","1786681582628","2026-08-14T04:26:22","10","0","0","0","0","0","0","0","0","629","0","0"
"2026-08-14T05:52:03","Managed Area","1786686724479","2026-08-14T05:52:04","8","0","0","0","0","0","0","0","0","629","0","0"
"2026-08-14T07:00:39","Managed Area","1786690840585","2026-08-14T07:00:40","5","0","0","0","0","0","0","0","0","629","0","0"
"2026-08-14T08:16:53","Managed Area","1786695414915","2026-08-14T08:16:54","5","0","0","0","0","0","0","232","0","629","0","0"
"2026-08-14T09:28:30","Managed Area","1786699711274","2026-08-14T09:28:31","11","0","0","0","0","0","0","0","0","629","0","0"
"2026-08-14T10:32:21","Managed Area","1786703543328","2026-08-14T10:32:23","39","0","0","0","0","0","655","253","979","629","0","0"
"2026-08-14T11:20:55","Managed Area","1786706456867","2026-08-14T11:20:56","38","0","0","0","0","0","945","745","530","629","0","0"
"2026-08-14T12:00:45","Managed Area","1786708846987","2026-08-14T12:00:46","40","0","0","0","0","9636","686","364","0","1856","0","2"
"2026-08-14T13:09:22","Managed Area","1786712963678","2026-08-14T13:09:23","38","0","0","0","0","0","5147","1180","0","1856","0","2"
"2026-08-14T14:19:03","Managed Area","1786717144577","2026-08-14T14:19:04","31","0","0","0","0","1072","0","3492","182","1856","0","2"
"2026-08-14T15:09:16","Managed Area","1786720158237","2026-08-14T15:09:18","54","0","0","0","0","2492","0","1744","451","1856","0","2"
"2026-08-14T16:02:02","Managed Area","1786723324301","2026-08-14T16:02:04","35","0","0","0","0","0","0","655","181","1856","0","2"
"2026-08-14T16:58:41","Managed Area","1786726722824","2026-08-14T16:58:42","40","2","0","0","0","9743","164","0","0","1856","0","2"
"2026-08-14T17:48:50","Managed Area","1786729731897","2026-08-14T17:48:51","39","0","0","0","0","0","3860","384","279","1856","0","2"
"2026-08-14T18:35:06","Managed Area","1786732507279","2026-08-14T18:35:07","40","0","0","0","0","10078","357","604","492","2756","0","2"
"2026-08-14T19:32:01","Managed Area","1786735922632","2026-08-14T19:32:02","51","0","0","0","0","11324","3896","582","3860","2756","0","3"
"2026-08-14T20:04:00","Managed Area","1786737842136","2026-08-14T20:04:02","47","0","0","0","0","0","3899","5699","0","2756","0","3"
"2026-08-14T20:37:48","Managed Area","1786739870093","2026-08-14T20:37:50","61","0","0","3","0","8089","0","7090","629","1529","0","1"
"2026-08-14T20:59:32","Managed Area","1786741173245","2026-08-14T20:59:33","60","0","5","3","0","0","10184","3143","681","1529","0","1"
"2026-08-14T21:22:44","Managed Area","1786742566230","2026-08-14T21:22:46","72","2","0","3","0","8861","204","3148","1868","1529","0","0"
"2026-08-14T21:44:51","Managed Area","1786743892823","2026-08-14T21:44:52","72","0","2.5","0","0","22915","1964","128","816","1529","0","0"
"2026-08-14T21:58:48","Managed Area","1786744730293","2026-08-14T21:58:50","67","2","0","0","0","11320","1217","827","717","1529","0","0"
"2026-08-14T22:18:22","Managed Area","1786745903437","2026-08-14T22:18:23","55","2","0","0","0","22684","1542","1438","842","1529","0","0"
"2026-08-14T22:43:05","Managed Area","1786747386696","2026-08-14T22:43:06","71","0","0","0","0","1151","246","245","155","1529","0","0"
"2026-08-14T22:58:15","Managed Area","1786748297099","2026-08-14T22:58:17","63","0","0","0","0","5802","1345","852","0","1529","0","0"
"2026-08-14T23:16:05","Managed Area","1786749366976","2026-08-14T23:16:06","41","0","0","0","0","0","551","0","0","1529","0","0"
"2026-08-14T23:37:02","Managed Area","1786750624021","2026-08-14T23:37:04","50","0","0","0","0","0","0","640","152","1529","0","0"
"2026-08-14T23:55:17","Managed Area","1786751719407","2026-08-14T23:55:19","43","0","0","0","0","0","0","0","0","1529","0","0"
"2026-08-15T00:27:38","Managed Area","1786753659912","2026-08-15T00:27:39","34","0","0","0","0","0","0","428","309","1529","0","0"
"2026-08-15T01:55:06","Managed Area","1786758908231","2026-08-15T01:55:08","24","0","0","0","0","0","852","0","0","1529","0","0"
"2026-08-15T02:40:48","Managed Area","1786761650018","2026-08-15T02:40:50","21","0","0","0","0","0","699","397","152","1529","0","0"
"2026-08-15T03:20:51","Managed Area","1786764052419","2026-08-15T03:20:52","17","0","0","0","0","0","0","835","0","1529","0","0"
"2026-08-15T03:57:31","Managed Area","1786766253033","2026-08-15T03:57:33","17","0","0","0","0","0","0","1279","0","1529","0","0"
"2026-08-15T04:51:19","Managed Area","1786769481275","2026-08-15T04:51:21","14","0","0","0","0","0","0","629","0","1529","0","0"
"2026-08-15T05:11:22","Managed Area","1786770683686","2026-08-15T05:11:23","17","0","0","0","0","5489","247","289","261","1529","0","0"
"2026-08-15T05:37:18","Managed Area","1786772240910","2026-08-15T05:37:20","15","0","0","0","0","3399","0","942","0","1529","0","0"
"2026-08-15T05:55:43","Managed Area","1786773344958","2026-08-15T05:55:44","5","0","0","0","0","0","2506","459","0","1529","0","0"
"2026-08-15T06:17:36","Managed Area","1786774658050","2026-08-15T06:17:38","10","0","0","0","0","0","3733","637","0","1529","0","0"
"2026-08-15T06:59:13","Managed Area","1786777155323","2026-08-15T06:59:15","9","0","0","0","0","3480","0","263","0","1529","0","0"
"2026-08-15T07:27:52","Managed Area","1786778874278","2026-08-15T07:27:54","19","0","0","0","0","1662","676","0","0","1529","0","0"
"2026-08-15T07:50:35","Managed Area","1786780237300","2026-08-15T07:50:37","17","0","0","0","0","0","0","0","0","5214","0","3"
"2026-08-15T08:02:55","Managed Area","1786780977512","2026-08-15T08:02:57","9","0","0","0","0","0","0","0","0","5214","0","3"
"2026-08-15T08:37:27","Managed Area","1786783049010","2026-08-15T08:37:29","16","0","0","0","0","0","0","0","0","5214","0","3"
"2026-08-15T08:58:57","Managed Area","1786784339314","2026-08-15T08:58:59","12","0","0","0","0","0","0","0","0","5214","0","3"
"2026-08-15T09:21:54","Managed Area","1786785715687","2026-08-15T09:21:55","12","0","0","0","0","0","235","0","0","5214","0","3"
"2026-08-15T09:45:08","Managed Area","1786787109944","2026-08-15T09:45:09","15","0","0","3","0","15","0","3381","0","5214","0","3"
"2026-08-15T09:58:49","Managed Area","1786787931342","2026-08-15T09:58:51","20","0","0","0","0","15","0","746","0","5214","0","3"
"2026-08-15T10:18:35","Managed Area","1786789117459","2026-08-15T10:18:37","16","0","0","0","0","0","0","0","0","1529","0","0"
"2026-08-15T10:42:01","Managed Area","1786790522649","2026-08-15T10:42:02","14","0","0","0","0","10481","0","0","0","1529","0","0"
"2026-08-15T10:56:45","Managed Area","1786791406918","2026-08-15T10:56:46","28","0","0","0","0","0","493","0","0","1529","0","0"
"2026-08-15T11:11:04","Managed Area","1786792265628","2026-08-15T11:11:05","29","0","0","0","0","0","0","0","294","1529","0","0"
"2026-08-15T11:31:53","Managed Area","1786793514469","2026-08-15T11:31:54","29","2","0","0","0","4270","4989","0","386","1529","0","0"
"2026-08-15T11:47:02","Managed Area","1786794425122","2026-08-15T11:47:05","39","0","0","3","0","0","0","3890","0","1529","0","1"
"2026-08-15T11:57:41","Managed Area","1786795062701","2026-08-15T11:57:42","34","0","0","0","0","0","0","0","216","1529","0","0"
"2026-08-15T12:23:05","Managed Area","1786796586977","2026-08-15T12:23:06","36","0","2.5","0","0","8089","7213","736","0","1529","0","0"
"2026-08-15T13:03:29","Managed Area","1786799010657","2026-08-15T13:03:30","37","0","0","0","0","8362","772","774","270","1529","0","0"
"2026-08-15T13:36:35","Managed Area","1786800998020","2026-08-15T13:36:38","45","0","0","3","0","0","1764","4115","2796","1529","0","1"
"2026-08-15T13:54:48","Managed Area","1786802090160","2026-08-15T13:54:50","47","0","0","0","0","13716","1786","1803","0","1529","0","0"
"2026-08-15T14:08:29","Managed Area","1786802910843","2026-08-15T14:08:30","50","0","2.5","0","0","0","6433","2407","1095","1529","0","0"
"2026-08-15T14:34:28","Managed Area","1786804470454","2026-08-15T14:34:30","54","0","2.5","0","0","201","3860","796","376","1529","0","0"
"2026-08-15T14:51:48","Managed Area","1786805509783","2026-08-15T14:51:49","62","0","2.5","0","0","5556","2526","386","0","1529","0","0"
"2026-08-15T15:01:58","Managed Area","1786806120187","2026-08-15T15:02:00","71","0","0","0","0","0","0","1221","0","1529","0","1"
"2026-08-15T15:25:58","Managed Area","1786807560407","2026-08-15T15:26:00","48","0","0","3","0","0","978","2052","0","2634","0","1"
"2026-08-15T15:41:03","Managed Area","1786808465686","2026-08-15T15:41:05","53","0","0","0","0","77","228","1162","153","2634","0","1"
"2026-08-15T15:54:09","Managed Area","1786809250403","2026-08-15T15:54:10","52","0","0","0","0","1449","164","205","625","2634","0","1"
"2026-08-15T16:04:54","Managed Area","1786809896355","2026-08-15T16:04:56","42","0","0","0","0","1449","0","4","396","2634","0","1"
"2026-08-15T16:35:04","Managed Area","1786811706613","2026-08-15T16:35:06","46","0","2.5","0","0","8166","1681","0","266","2634","0","1"
"2026-08-15T16:53:22","Managed Area","1786812803827","2026-08-15T16:53:23","45","0","0","0","0","4116","0","4","0","2634","0","1"
"2026-08-15T17:08:23","Managed Area","1786813704720","2026-08-15T17:08:24","40","0","0","0","0","1587","77","3541","218","2634","0","2"
"2026-08-15T17:31:12","Managed Area","1786815074337","2026-08-15T17:31:14","34","0","0","0","0","78","0","259","0","2634","0","1"
"2026-08-15T17:47:29","Managed Area","1786816051136","2026-08-15T17:47:31","40","2","5","0","0","8247","4708","77","0","2634","0","1"
"2026-08-15T17:58:42","Managed Area","1786816724359","2026-08-15T17:58:44","41","4","2.5","0","0","6958","5275","427","0","2634","0","1"
"2026-08-15T18:22:29","Managed Area","1786818151198","2026-08-15T18:22:31","38","0","2.5","0","0","1897","3125","460","0","2634","0","1"
"2026-08-15T18:51:12","Managed Area","1786819873119","2026-08-15T18:51:13","50","0","0","0","0","1449","3290","0","0","2634","0","1"
"2026-08-15T19:09:40","Managed Area","1786820981750","2026-08-15T19:09:41","34","0","0","0","0","0","0","238","0","2634","0","1"
"2026-08-15T19:30:08","Managed Area","1786822209509","2026-08-15T19:30:09","40","0","0","0","0","310","753","413","238","2634","0","1"
"2026-08-15T19:44:47","Managed Area","1786823088387","2026-08-15T19:44:48","44","0","0","0","0","0","153","320","541","2634","0","1"
"2026-08-15T19:55:44","Managed Area","1786823746148","2026-08-15T19:55:46","49","0","0","0","0","309","0","238","0","2634","0","1"
"2026-08-15T20:08:53","Managed Area","1786824535175","2026-08-15T20:08:55","49","0","0","0","0","74","13","864","0","2634","0","1"
"2026-08-15T20:34:37","Managed Area","1786826079236","2026-08-15T20:34:39","51","0","0","0","0","78","1841","246","0","2634","0","1"
"2026-08-15T20:51:38","Managed Area","1786827099617","2026-08-15T20:51:39","46","0","2.5","0","0","5740","4950","0","225","2634","0","1"
"2026-08-15T21:02:22","Managed Area","1786827743826","2026-08-15T21:02:23","51","0","0","0","0","11993","77","623","0","2634","0","1"
"2026-08-15T21:26:30","Managed Area","1786829192124","2026-08-15T21:26:32","46","0","0","0","0","12590","1826","612","0","2634","0","1"
"2026-08-15T21:41:35","Managed Area","1786830097456","2026-08-15T21:41:37","53","0","0","0","0","1475","1354","0","800","2634","0","1"
"2026-08-15T21:55:05","Managed Area","1786830906641","2026-08-15T21:55:06","56","0","0","0","0","11116","2419","4","0","2634","0","1"
"2026-08-15T22:05:42","Managed Area","1786831543585","2026-08-15T22:05:43","49","0","0","0","0","42","1076","281","0","1529","0","0"
"2026-08-15T22:32:31","Managed Area","1786833152267","2026-08-15T22:32:32","42","0","0","0","0","0","1488","326","162","1529","0","0"
"2026-08-15T22:50:16","Managed Area","1786834217432","2026-08-15T22:50:17","38","0","0","0","0","1151","769","400","238","1529","0","0"
"2026-08-15T23:01:10","Managed Area","1786834872035","2026-08-15T23:01:12","48","0","0","0","0","0","0","1788","293","1529","0","0"
"2026-08-15T23:22:47","Managed Area","1786836169059","2026-08-15T23:22:49","51","0","0","0","0","6920","306","1736","0","1529","0","0"
"2026-08-15T23:39:06","Managed Area","1786837147621","2026-08-15T23:39:07","54","0","0","0","0","3669","104","1360","546","1529","0","0"
"2026-08-15T23:53:02","Managed Area","1786837984276","2026-08-15T23:53:04","53","2","0","0","0","3976","1038","1853","1029","1529","0","1"
"2026-08-16T00:01:01","Managed Area","1786838462781","2026-08-16T00:01:02","41","0","0","3","0","4186","0","2263","720","1529","0","1"
"2026-08-16T01:26:56","Managed Area","1786843618311","2026-08-16T01:26:58","45","0","0","0","0","757","0","2703","1228","1529","0","0"
"2026-08-16T02:38:08","Managed Area","1786847889458","2026-08-16T02:38:09","40","0","0","0","0","0","1610","817","591","1529","0","0"
"2026-08-16T03:29:55","Managed Area","1786850997171","2026-08-16T03:29:57","21","0","0","0","0","1342","365","1395","359","1529","0","0"
"2026-08-16T04:07:41","Managed Area","1786853263119","2026-08-16T04:07:43","17","0","0","0","0","1897","0","617","0","1529","0","0"
"2026-08-16T04:45:54","Managed Area","1786855555444","2026-08-16T04:45:55","13","0","0","0","0","0","0","0","0","1529","0","0"
"2026-08-16T05:08:57","Managed Area","1786856938410","2026-08-16T05:08:58","15","0","0","0","0","0","0","692","0","1529","0","0"
"2026-08-16T05:38:13","Managed Area","1786858694717","2026-08-16T05:38:14","10","0","0","0","0","7431","0","0","0","1529","0","0"
"2026-08-16T05:57:38","Managed Area","1786859859214","2026-08-16T05:57:39","10","0","0","0","0","3930","0","192","0","1529","0","0"
"2026-08-16T06:28:22","Managed Area","1786861704173","2026-08-16T06:28:24","9","0","0","0","0","0","0","281","0","1529","0","0"
"2026-08-16T07:08:08","Managed Area","1786864089410","2026-08-16T07:08:09","7","0","0","0","0","2492","0","0","342","1529","0","0"
"2026-08-16T07:40:08","Managed Area","1786866010052","2026-08-16T07:40:10","8","0","0","0","0","4568","0","0","636","1529","0","1"
"2026-08-16T07:57:38","Managed Area","1786867059983","2026-08-16T07:57:39","13","0","0","0","0","499","1496","882","626","1529","0","1"
"2026-08-16T08:20:02","Managed Area","1786868404029","2026-08-16T08:20:04","16","0","0","0","0","121","683","510","636","1529","0","1"
"2026-08-16T08:50:00","Managed Area","1786870202769","2026-08-16T08:50:02","25","0","0","0","0","317","804","510","1029","1529","0","1"
"2026-08-16T09:11:47","Managed Area","1786871509663","2026-08-16T09:11:49","22","0","0","0","0","5792","438","803","1129","1529","0","1"
"2026-08-16T09:38:45","Managed Area","1786873126753","2026-08-16T09:38:46","25","0","0","0","3.5","1100","0","732","1717","1529","0","1"
"2026-08-16T09:55:06","Managed Area","1786874107758","2026-08-16T09:55:07","22","0","0","0","0","593","1036","510","899","1529","0","1"
"2026-08-16T10:09:25","Managed Area","1786874966304","2026-08-16T10:09:26","16","0","0","0","0","0","0","1479","821","1529","0","0"
"2026-08-16T10:35:32","Managed Area","1786876534010","2026-08-16T10:35:34","18","0","0","0","0","0","307","1653","575","1529","0","0"
